"orden_data01";"orden_oxido";"atomic_number";"name";"symbol";"valence";"roman";"chem_form01";"chem_form02";"nomen_01_tradicional";"nomen_02_stock";"nomen_03_sistematica";"chem_form03";"web_selector"
1;1;1;"Hidrógeno";"H";1;"I";"H2O1";"H_{2}O";"Óxido de Hidrógeno";"Óxido de Hidrógeno (I)";"MonÓxido de DiHidrógeno";"H_{2} + O_{2} \rightarrow H_{2}O";"1 - H - Hidrógeno"
2;2;3;"Litio";"Li";1;"I";"Li2O1";"Li_{2}O";"Óxido de Litio";"Óxido de Litio (I)";"MonÓxido de DiLitio";"2Li + O_{2} \rightarrow Li_{2}O";"3 - Li - Litio"
3;3;4;"Berilio";"Be";2;"II";"Be1O1";"BeO";"Óxido de Berilio";"Óxido de Berilio (II)";"MonÓxido de MonoBerilio";"2Be + O_{2} \rightarrow 2BeO";"4 - Be - Berilio"
4;4;5;"Boro";"B";3;"III";"B2O3";"B_{2}O_{3}";"Óxido de Boro";"Óxido de Boro (III)";"TriÓxido de DiBoro";"2B + O_{2} \rightarrow B_{2}O_{3}";"5 - B - Boro"
5;5;6;"Carbono";"C";2;"II";"C1O1";"CO";"Óxido Carbonoso";"Óxido de Carbono (II)";"MonÓxido de MonoCarbono";"2C + O_{2} \rightarrow 2CO";"6 - C - Carbono"
6;6;6;"Carbono";"C";4;"IV";"C1O2";"CO_{2}";"Óxido Carbónico";"Óxido de Carbono (IV)";"DiÓxido de MonoCarbono";"2C + O_{2} \rightarrow 2CO_{2}";"6 - C - Carbono"
7;7;7;"Nitrógeno";"N";2;"II";"N1O1";"NO";"Óxido HipoNitrogenoso";"Óxido de Nitrógeno (II)";"MonÓxido de MonoNitrógeno";"N_{2} + O_{2} \rightarrow 2NO";"7 - N - Nitrógeno"
8;8;7;"Nitrógeno";"N";3;"III";"N2O3";"N_{2}O_{3}";"Óxido Nitrogenoso";"Óxido de Nitrógeno (III)";"TriÓxido de DiNitrógeno";"N_{2} + O_{2} \rightarrow N_{2}O_{3}";"7 - N - Nitrógeno"
9;9;7;"Nitrógeno";"N";4;"IV";"N1O2";"NO_{2}";"Óxido Nítrico";"Óxido de Nitrógeno (IV)";"DiÓxido de MonoNitrógeno";"N_{2} + O_{2} \rightarrow 2NO_{2}";"7 - N - Nitrógeno"
10;10;7;"Nitrógeno";"N";5;"V";"N2O5";"N_{2}O_{5}";"Óxido PerNítrico";"Óxido de Nitrógeno (V)";"PentaÓxido de DiNitrógeno";"N_{2} + O_{2} \rightarrow N_{2}O_{5}";"7 - N - Nitrógeno"
11;11;9;"Flúor";"F";1;"I";"F2O1";"F_{2}O";"Óxido de Flúor";"Óxido de Flúor (I)";"MonÓxido de DiFlúor";"F_{2} + O_{2} \rightarrow F_{2}O";"9 - F - Flúor"
12;12;11;"Sodio";"Na";1;"I";"Na2O1";"Na_{2}O";"Óxido de Sodio";"Óxido de Sodio (I)";"MonÓxido de DiSodio";"2Na + O_{2} \rightarrow Na_{2}O";"11 - Na - Sodio"
13;13;12;"Magnesio";"Mg";2;"II";"Mg1O1";"MgO";"Óxido de Magnesio";"Óxido de Magnesio (II)";"MonÓxido de MonoMagnesio";"2Mg + O_{2} \rightarrow 2MgO";"12 - Mg - Magnesio"
14;14;13;"Aluminio";"Al";3;"III";"Al2O3";"Al_{2}O_{3}";"Óxido de Aluminio";"Óxido de Aluminio (III)";"TriÓxido de DiAluminio";"2Al + O_{2} \rightarrow Al_{2}O_{3}";"13 - Al - Aluminio"
15;15;14;"Silicio";"Si";4;"IV";"Si1O2";"SiO_{2}";"Óxido de Silicio";"Óxido de Silicio (IV)";"DiÓxido de MonoSilicio";"2Si + O_{2} \rightarrow 2SiO_{2}";"14 - Si - Silicio"
16;16;15;"Fósforo";"P";3;"III";"P2O3";"P_{2}O_{3}";"Óxido HipoFosforoso";"Óxido de Fósforo (III)";"TriÓxido de DiFósforo";"2P + O_{2} \rightarrow P_{2}O_{3}";"15 - P - Fósforo"
17;17;15;"Fósforo";"P";4;"IV";"P1O2";"PO_{2}";"Óxido Fosforoso";"Óxido de Fósforo (IV)";"DiÓxido de MonoFósforo";"2P + O_{2} \rightarrow 2PO_{2}";"15 - P - Fósforo"
18;18;15;"Fósforo";"P";5;"V";"P2O5";"P_{2}O_{5}";"Óxido Fosfórico";"Óxido de Fósforo (V)";"PentaÓxido de DiFósforo";"2P + O_{2} \rightarrow P_{2}O_{5}";"15 - P - Fósforo"
19;19;16;"Azufre";"S";2;"II";"S1O1";"SO";"Óxido HipoSulfuroso";"Óxido de Azufre (II)";"MonÓxido de MonoAzufre";"2S + O_{2} \rightarrow 2SO";"16 - S - Azufre"
20;20;16;"Azufre";"S";4;"IV";"S1O2";"SO_{2}";"Óxido Sulfuroso";"Óxido de Azufre (IV)";"DiÓxido de MonoAzufre";"2S + O_{2} \rightarrow 2SO_{2}";"16 - S - Azufre"
21;21;16;"Azufre";"S";6;"VI";"S1O3";"SO_{3}";"Óxido Sulfúrico";"Óxido de Azufre (VI)";"TriÓxido de MonoAzufre";"2S + O_{2} \rightarrow 2SO_{3}";"16 - S - Azufre"
22;22;17;"Cloro";"Cl";1;"I";"Cl2O1";"Cl_{2}O";"Óxido HipoCloroso";"Óxido de Cloro (I)";"MonÓxido de DiCloro";"Cl_{2} + O_{2} \rightarrow Cl_{2}O";"17 - Cl - Cloro"
23;23;17;"Cloro";"Cl";3;"III";"Cl2O3";"Cl_{2}O_{3}";"Óxido Cloroso";"Óxido de Cloro (III)";"TriÓxido de DiCloro";"Cl_{2} + O_{2} \rightarrow Cl_{2}O_{3}";"17 - Cl - Cloro"
24;24;17;"Cloro";"Cl";5;"V";"Cl2O5";"Cl_{2}O_{5}";"Óxido Clórico";"Óxido de Cloro (V)";"PentaÓxido de DiCloro";"Cl_{2} + O_{2} \rightarrow Cl_{2}O_{5}";"17 - Cl - Cloro"
25;25;17;"Cloro";"Cl";7;"VII";"Cl2O7";"Cl_{2}O_{7}";"Óxido PerClórico";"Óxido de Cloro (VII)";"HeptaÓxido de DiCloro";"Cl_{2} + O_{2} \rightarrow Cl_{2}O_{7}";"17 - Cl - Cloro"
26;26;19;"Potasio";"K";1;"I";"K2O1";"K_{2}O";"Óxido de Potasio";"Óxido de Potasio (I)";"MonÓxido de DiPotasio";"2K + O_{2} \rightarrow K_{2}O";"19 - K - Potasio"
27;27;20;"Calcio";"Ca";2;"II";"Ca1O1";"CaO";"Óxido de Calcio";"Óxido de Calcio (II)";"MonÓxido de MonoCalcio";"2Ca + O_{2} \rightarrow 2CaO";"20 - Ca - Calcio"
28;28;21;"Escandio";"Sc";3;"III";"Sc2O3";"Sc_{2}O_{3}";"Óxido de Escandio";"Óxido de Escandio (III)";"TriÓxido de DiEscandio";"2Sc + O_{2} \rightarrow Sc_{2}O_{3}";"21 - Sc - Escandio"
29;29;22;"Titanio";"Ti";3;"III";"Ti2O3";"Ti_{2}O_{3}";"Óxido Titanioso";"Óxido de Titanio (III)";"TriÓxido de DiTitanio";"2Ti + O_{2} \rightarrow Ti_{2}O_{3}";"22 - Ti - Titanio"
30;30;22;"Titanio";"Ti";4;"IV";"Ti1O2";"TiO_{2}";"Óxido Titánico";"Óxido de Titanio (IV)";"DiÓxido de MonoTitanio";"2Ti + O_{2} \rightarrow 2TiO_{2}";"22 - Ti - Titanio"
31;31;23;"Vanadio";"V";2;"II";"V1O1";"VO";"Óxido HipoVanadioso";"Óxido de Vanadio (II)";"MonÓxido de MonoVanadio";"2V + O_{2} \rightarrow 2VO";"23 - V - Vanadio"
32;32;23;"Vanadio";"V";3;"III";"V2O3";"V_{2}O_{3}";"Óxido Vanadioso";"Óxido de Vanadio (III)";"TriÓxido de DiVanadio";"2V + O_{2} \rightarrow V_{2}O_{3}";"23 - V - Vanadio"
33;33;23;"Vanadio";"V";4;"IV";"V1O2";"VO_{2}";"Óxido Vanádico";"Óxido de Vanadio (IV)";"DiÓxido de MonoVanadio";"2V + O_{2} \rightarrow 2VO_{2}";"23 - V - Vanadio"
34;34;23;"Vanadio";"V";5;"V";"V2O5";"V_{2}O_{5}";"Óxido PerVanádico";"Óxido de Vanadio (V)";"PentaÓxido de DiVanadio";"2V + O_{2} \rightarrow V_{2}O_{5}";"23 - V - Vanadio"
35;35;24;"Cromo";"Cr";2;"II";"Cr1O1";"CrO";"Óxido HipoCromoso";"Óxido de Cromo (II)";"MonÓxido de MonoCromo";"2Cr + O_{2} \rightarrow 2CrO";"24 - Cr - Cromo"
36;36;24;"Cromo";"Cr";3;"III";"Cr2O3";"Cr_{2}O_{3}";"Óxido Crómico";"Óxido de Cromo (III)";"TriÓxido de DiCromo";"2Cr + O_{2} \rightarrow Cr_{2}O_{3}";"24 - Cr - Cromo"
37;37;24;"Cromo";"Cr";6;"VI";"Cr1O3";"CrO_{3}";"Óxido Crómico";"Óxido de Cromo (VI)";"TriÓxido de MonoCromo";"2Cr + O_{2} \rightarrow 2CrO_{3}";"24 - Cr - Cromo"
38;38;25;"Manganeso";"Mn";2;"II";"Mn1O1";"MnO";"Óxido HipoManganoso";"Óxido de Manganeso (II)";"MonÓxido de MonoManganeso";"2Mn + O_{2} \rightarrow 2MnO";"25 - Mn - Manganeso"
39;39;25;"Manganeso";"Mn";3;"III";"Mn2O3";"Mn_{2}O_{3}";"Óxido Manganoso";"Óxido de Manganeso (III)";"TriÓxido de DiManganeso";"2Mn + O_{2} \rightarrow Mn_{2}O_{3}";"25 - Mn - Manganeso"
40;40;25;"Manganeso";"Mn";4;"IV";"Mn1O2";"MnO_{2}";"Óxido Mangánico";"Óxido de Manganeso (IV)";"DiÓxido de MonoManganeso";"2Mn + O_{2} \rightarrow 2MnO_{2}";"25 - Mn - Manganeso"
41;41;25;"Manganeso";"Mn";6;"VI";"Mn1O3";"MnO_{3}";"Óxido PerMangánico";"Óxido de Manganeso (VI)";"TriÓxido de MonoManganeso";"2Mn + O_{2} \rightarrow 2MnO_{3}";"25 - Mn - Manganeso"
42;42;25;"Manganeso";"Mn";7;"VII";"Mn2O7";"Mn_{2}O_{7}";"Óxido ????Mangánico???";"Óxido de Manganeso (VII)";"HeptaÓxido de DiManganeso";"2Mn + O_{2} \rightarrow Mn_{2}O_{7}";"25 - Mn - Manganeso"
43;43;26;"Hierro";"Fe";2;"II";"Fe1O1";"FeO";"Óxido Ferroso";"Óxido de Hierro (II)";"MonÓxido de MonoHierro";"2Fe + O_{2} \rightarrow 2FeO";"26 - Fe - Hierro"
44;44;26;"Hierro";"Fe";3;"III";"Fe2O3";"Fe_{2}O_{3}";"Óxido Férrico";"Óxido de Hierro (III)";"TriÓxido de DiHierro";"2Fe + O_{2} \rightarrow Fe_{2}O_{3}";"26 - Fe - Hierro"
45;45;27;"Cobalto";"Co";2;"II";"Co1O1";"CoO";"Óxido Cobaltoso";"Óxido de Cobalto (II)";"MonÓxido de MonoCobalto";"2Co + O_{2} \rightarrow 2CoO";"27 - Co - Cobalto"
46;46;27;"Cobalto";"Co";3;"III";"Co2O3";"Co_{2}O_{3}";"Óxido Cobáltico";"Óxido de Cobalto (III)";"TriÓxido de DiCobalto";"2Co + O_{2} \rightarrow Co_{2}O_{3}";"27 - Co - Cobalto"
47;47;28;"Níquel";"Ni";2;"II";"Ni1O1";"NiO";"Óxido Niqueloso";"Óxido de Níquel (II)";"MonÓxido de MonoNíquel";"2Ni + O_{2} \rightarrow 2NiO";"28 - Ni - Níquel"
48;48;28;"Níquel";"Ni";3;"III";"Ni2O3";"Ni_{2}O_{3}";"Óxido Niquélico";"Óxido de Níquel (III)";"TriÓxido de DiNíquel";"2Ni + O_{2} \rightarrow Ni_{2}O_{3}";"28 - Ni - Níquel"
49;49;29;"Cobre";"Cu";1;"I";"Cu2O1";"Cu_{2}O";"Óxido Cuproso";"Óxido de Cobre (I)";"MonÓxido de DiCobre";"2Cu + O_{2} \rightarrow Cu_{2}O";"29 - Cu - Cobre"
50;50;29;"Cobre";"Cu";2;"II";"Cu1O1";"CuO";"Óxido Cúprico";"Óxido de Cobre (II)";"MonÓxido de MonoCobre";"2Cu + O_{2} \rightarrow 2CuO";"29 - Cu - Cobre"
51;51;30;"Zinc";"Zn";2;"II";"Zn1O1";"ZnO";"Óxido de Zinc";"Óxido de Zinc (II)";"MonÓxido de MonoZinc";"2Zn + O_{2} \rightarrow 2ZnO";"30 - Zn - Zinc"
52;52;31;"Galio";"Ga";3;"III";"Ga2O3";"Ga_{2}O_{3}";"Óxido de Galio";"Óxido de Galio (III)";"TriÓxido de DiGalio";"2Ga + O_{2} \rightarrow Ga_{2}O_{3}";"31 - Ga - Galio"
53;53;32;"Germanio";"Ge";4;"IV";"Ge1O2";"GeO_{2}";"Óxido de Germanio";"Óxido de Germanio (IV)";"DiÓxido de MonoGermanio";"2Ge + O_{2} \rightarrow 2GeO_{2}";"32 - Ge - Germanio"
54;54;33;"Arsénico";"As";3;"III";"As2O3";"As_{2}O_{3}";"Óxido Arsenoso";"Óxido de Arsénico (III)";"TriÓxido de DiArsénico";"2As + O_{2} \rightarrow As_{2}O_{3}";"33 - As - Arsénico"
55;55;33;"Arsénico";"As";5;"V";"As2O5";"As_{2}O_{5}";"Óxido Arsenísico";"Óxido de Arsénico (V)";"PentaÓxido de DiArsénico";"2As + O_{2} \rightarrow As_{2}O_{5}";"33 - As - Arsénico"
56;56;34;"Selenio";"Se";4;"IV";"Se1O2";"SeO_{2}";"Óxido Selenuroso";"Óxido de Selenio (IV)";"DiÓxido de MonoSelenio";"2Se + O_{2} \rightarrow 2SeO_{2}";"34 - Se - Selenio"
57;57;34;"Selenio";"Se";6;"VI";"Se1O3";"SeO_{3}";"Óxido Selénico";"Óxido de Selenio (VI)";"TriÓxido de MonoSelenio";"2Se + O_{2} \rightarrow 2SeO_{3}";"34 - Se - Selenio"
58;58;35;"Bromo";"Br";1;"I";"Br2O1";"Br_{2}O";"Óxido Bromoso";"Óxido de Bromo (I)";"MonÓxido de DiBromo";"2Br + O_{2} \rightarrow Br_{2}O";"35 - Br - Bromo"
59;59;35;"Bromo";"Br";5;"V";"Br2O5";"Br_{2}O_{5}";"Óxido Brómico";"Óxido de Bromo (V)";"PentaÓxido de DiBromo";"2Br + O_{2} \rightarrow Br_{2}O_{5}";"35 - Br - Bromo"
60;60;37;"Rubidio";"Rb";1;"I";"Rb2O1";"Rb_{2}O";"Óxido de Rubidio";"Óxido de Rubidio (I)";"MonÓxido de DiRubidio";"2Rb + O_{2} \rightarrow Rb_{2}O";"37 - Rb - Rubidio"
61;61;38;"Estroncio";"Sr";2;"II";"Sr1O1";"SrO";"Óxido de Estroncio";"Óxido de Estroncio (II)";"MonÓxido de MonoEstroncio";"2Sr + O_{2} \rightarrow 2SrO";"38 - Sr - Estroncio"
62;62;39;"Itrio";"Y";3;"III";"Y2O3";"Y_{2}O_{3}";"Óxido de Itrio";"Óxido de Itrio (III)";"TriÓxido de DiItrio";"2Y + O_{2} \rightarrow Y_{2}O_{3}";"39 - Y - Itrio"
63;63;40;"Circonio";"Zr";4;"IV";"Zr1O2";"ZrO_{2}";"Óxido de Circonio";"Óxido de Circonio (IV)";"DiÓxido de MonoCirconio";"2Zr + O_{2} \rightarrow 2ZrO_{2}";"40 - Zr - Circonio"
64;64;41;"Niobio";"Nb";3;"III";"Nb2O3";"Nb_{2}O_{3}";"Óxido Niobioso";"Óxido de Niobio (III)";"TriÓxido de DiNiobio";"2Nb + O_{2} \rightarrow Nb_{2}O_{3}";"41 - Nb - Niobio"
65;65;41;"Niobio";"Nb";5;"V";"Nb2O5";"Nb_{2}O_{5}";"Óxido Nióbico";"Óxido de Niobio (V)";"PentaÓxido de DiNiobio";"2Nb + O_{2} \rightarrow Nb_{2}O_{5}";"41 - Nb - Niobio"
66;66;42;"Molibdeno";"Mo";2;"II";"Mo1O1";"MoO";"Óxido HipoMolibdenoso";"Óxido de Molibdeno (II)";"MonÓxido de MonoMolibdeno";"2Mo + O_{2} \rightarrow 2MoO";"42 - Mo - Molibdeno"
67;67;42;"Molibdeno";"Mo";3;"III";"Mo2O3";"Mo_{2}O_{3}";"Óxido Molibdenoso";"Óxido de Molibdeno (III)";"TriÓxido de DiMolibdeno";"2Mo + O_{2} \rightarrow Mo_{2}O_{3}";"42 - Mo - Molibdeno"
68;68;42;"Molibdeno";"Mo";4;"IV";"Mo1O2";"MoO_{2}";"Óxido Molibdénico";"Óxido de Molibdeno (IV)";"DiÓxido de MonoMolibdeno";"2Mo + O_{2} \rightarrow 2MoO_{2}";"42 - Mo - Molibdeno"
69;69;42;"Molibdeno";"Mo";5;"V";"Mo2O5";"Mo_{2}O_{5}";"Óxido PerMolibdénico";"Óxido de Molibdeno (V)";"PentaÓxido de DiMolibdeno";"2Mo + O_{2} \rightarrow Mo_{2}O_{5}";"42 - Mo - Molibdeno"
70;70;42;"Molibdeno";"Mo";6;"VI";"Mo1O3";"MoO_{3}";"Óxido ???Molibdénico???";"Óxido de Molibdeno (VI)";"TriÓxido de MonoMolibdeno";"2Mo + O_{2} \rightarrow 2MoO_{3}";"42 - Mo - Molibdeno"
71;71;43;"Tecnecio";"Tc";7;"VII";"Tc2O7";"Tc_{2}O_{7}";"Óxido de Tecnecio";"Óxido de Tecnecio (VII)";"HeptaÓxido de DiTecnecio";"2Tc + O_{2} \rightarrow Tc_{2}O_{7}";"43 - Tc - Tecnecio"
72;72;44;"Rutenio";"Ru";2;"II";"Ru1O1";"RuO";"Óxido HipoRutenioso";"Óxido de Rutenio (II)";"MonÓxido de MonoRutenio";"2Ru + O_{2} \rightarrow 2RuO";"44 - Ru - Rutenio"
73;73;44;"Rutenio";"Ru";3;"III";"Ru2O3";"Ru_{2}O_{3}";"Óxido Rutenioso";"Óxido de Rutenio (III)";"TriÓxido de DiRutenio";"2Ru + O_{2} \rightarrow Ru_{2}O_{3}";"44 - Ru - Rutenio"
74;74;44;"Rutenio";"Ru";4;"IV";"Ru1O2";"RuO_{2}";"Óxido Ruténico";"Óxido de Rutenio (IV)";"DiÓxido de MonoRutenio";"2Ru + O_{2} \rightarrow 2RuO_{2}";"44 - Ru - Rutenio"
75;75;44;"Rutenio";"Ru";6;"VI";"Ru1O3";"RuO_{3}";"Óxido PerRuténico";"Óxido de Rutenio (VI)";"TriÓxido de MonoRutenio";"2Ru + O_{2} \rightarrow 2RuO_{3}";"44 - Ru - Rutenio"
76;76;44;"Rutenio";"Ru";8;"VIII";"Ru1O4";"RuO_{4}";"Óxido ???Ruténico????";"Óxido de Rutenio (VIII)";"TetraÓxido de MonoRutenio";"2Ru + O_{2} \rightarrow 2RuO_{4}";"44 - Ru - Rutenio"
77;77;45;"Rodio";"Rh";2;"II";"Rh1O1";"RhO";"Óxido HipoRodioso";"Óxido de Rodio (II)";"MonÓxido de MonoRodio";"2Rh + O_{2} \rightarrow 2RhO";"45 - Rh - Rodio"
78;78;45;"Rodio";"Rh";3;"III";"Rh2O3";"Rh_{2}O_{3}";"Óxido Rodioso";"Óxido de Rodio (III)";"TriÓxido de DiRodio";"2Rh + O_{2} \rightarrow Rh_{2}O_{3}";"45 - Rh - Rodio"
79;79;45;"Rodio";"Rh";4;"IV";"Rh1O2";"RhO_{2}";"Óxido Ródico";"Óxido de Rodio (IV)";"DiÓxido de MonoRodio";"2Rh + O_{2} \rightarrow 2RhO_{2}";"45 - Rh - Rodio"
80;80;46;"Paladio";"Pd";2;"II";"Pd1O1";"PdO";"Óxido Paladioso";"Óxido de Paladio (II)";"MonÓxido de MonoPaladio";"2Pd + O_{2} \rightarrow 2PdO";"46 - Pd - Paladio"
81;81;46;"Paladio";"Pd";4;"IV";"Pd1O2";"PdO_{2}";"Óxido Paládico";"Óxido de Paladio (IV)";"DiÓxido de MonoPaladio";"2Pd + O_{2} \rightarrow 2PdO_{2}";"46 - Pd - Paladio"
82;82;47;"Plata";"Ag";1;"I";"Ag2O1";"Ag_{2}O";"Óxido de Plata";"Óxido de Plata (I)";"MonÓxido de DiPlata";"2Ag + O_{2} \rightarrow Ag_{2}O";"47 - Ag - Plata"
83;83;48;"Cadmio";"Cd";2;"II";"Cd1O1";"CdO";"Óxido de Cadmio";"Óxido de Cadmio (II)";"MonÓxido de MonoCadmio";"2Cd + O_{2} \rightarrow 2CdO";"48 - Cd - Cadmio"
84;84;49;"Indio";"In";3;"III";"In2O3";"In_{2}O_{3}";"Óxido de Indio";"Óxido de Indio (III)";"TriÓxido de DiIndio";"2In + O_{2} \rightarrow In_{2}O_{3}";"49 - In - Indio"
85;85;50;"Estaño";"Sn";2;"II";"Sn1O1";"SnO";"Óxido Estanoso";"Óxido de Estaño (II)";"MonÓxido de MonoEstaño";"2Sn + O_{2} \rightarrow 2SnO";"50 - Sn - Estaño"
86;86;50;"Estaño";"Sn";4;"IV";"Sn1O2";"SnO_{2}";"Óxido Estánico";"Óxido de Estaño (IV)";"DiÓxido de MonoEstaño";"2Sn + O_{2} \rightarrow 2SnO_{2}";"50 - Sn - Estaño"
87;87;51;"Antimonio";"Sb";3;"III";"Sb2O3";"Sb_{2}O_{3}";"Óxido Antimonioso";"Óxido de Antimonio (III)";"TriÓxido de DiAntimonio";"2Sb + O_{2} \rightarrow Sb_{2}O_{3}";"51 - Sb - Antimonio"
88;88;51;"Antimonio";"Sb";5;"V";"Sb2O5";"Sb_{2}O_{5}";"Óxido Antimónico";"Óxido de Antimonio (V)";"PentaÓxido de DiAntimonio";"2Sb + O_{2} \rightarrow Sb_{2}O_{5}";"51 - Sb - Antimonio"
89;89;52;"Telurio";"Te";2;"II";"Te1O1";"TeO";"Óxido HipoTelurioso";"Óxido de Telurio (II)";"MonÓxido de MonoTelurio";"2Te + O_{2} \rightarrow 2TeO";"52 - Te - Telurio"
90;90;52;"Telurio";"Te";4;"IV";"Te1O2";"TeO_{2}";"Óxido Telurioso";"Óxido de Telurio (IV)";"DiÓxido de MonoTelurio";"2Te + O_{2} \rightarrow 2TeO_{2}";"52 - Te - Telurio"
91;91;52;"Telurio";"Te";6;"VI";"Te1O3";"TeO_{3}";"Óxido Telúrico";"Óxido de Telurio (VI)";"TriÓxido de MonoTelurio";"2Te + O_{2} \rightarrow 2TeO_{3}";"52 - Te - Telurio"
92;92;53;"Yodo";"I";1;"I";"I2O1";"I_{2}O";"Óxido HipoYodoso";"Óxido de Yodo (I)";"MonÓxido de DiYodo";"2I + O_{2} \rightarrow I_{2}O";"53 - I - Yodo"
93;93;53;"Yodo";"I";5;"V";"I2O5";"I_{2}O_{5}";"Óxido Yodoso";"Óxido de Yodo (V)";"PentaÓxido de DiYodo";"2I + O_{2} \rightarrow I_{2}O_{5}";"53 - I - Yodo"
94;94;53;"Yodo";"I";7;"VII";"I2O7";"I_{2}O_{7}";"Óxido Yódico";"Óxido de Yodo (VII)";"HeptaÓxido de DiYodo";"2I + O_{2} \rightarrow I_{2}O_{7}";"53 - I - Yodo"
95;95;55;"Cesio";"Cs";1;"I";"Cs2O1";"Cs_{2}O";"Óxido de Cesio";"Óxido de Cesio (I)";"MonÓxido de DiCesio";"2Cs + O_{2} \rightarrow Cs_{2}O";"55 - Cs - Cesio"
96;96;56;"Bario";"Ba";2;"II";"Ba1O1";"BaO";"Óxido de Bario";"Óxido de Bario (II)";"MonÓxido de MonoBario";"2Ba + O_{2} \rightarrow 2BaO";"56 - Ba - Bario"
97;97;57;"Lantano";"La";3;"III";"La2O3";"La_{2}O_{3}";"Óxido de Lantano";"Óxido de Lantano (III)";"TriÓxido de DiLantano";"2La + O_{2} \rightarrow La_{2}O_{3}";"57 - La - Lantano"
98;98;58;"Cerio";"Ce";3;"III";"Ce2O3";"Ce_{2}O_{3}";"Óxido Cerioso";"Óxido de Cerio (III)";"TriÓxido de DiCerio";"2Ce + O_{2} \rightarrow Ce_{2}O_{3}";"58 - Ce - Cerio"
99;99;58;"Cerio";"Ce";4;"IV";"Ce1O2";"CeO_{2}";"Óxido Cérico";"Óxido de Cerio (IV)";"DiÓxido de MonoCerio";"2Ce + O_{2} \rightarrow 2CeO_{2}";"58 - Ce - Cerio"
100;100;59;"Praseodimio";"Pr";3;"III";"Pr2O3";"Pr_{2}O_{3}";"Óxido Praseodimioso";"Óxido de Praseodimio (III)";"TriÓxido de DiPraseodimio";"2Pr + O_{2} \rightarrow Pr_{2}O_{3}";"59 - Pr - Praseodimio"
101;101;59;"Praseodimio";"Pr";4;"IV";"Pr1O2";"PrO_{2}";"Óxido Praseodímico";"Óxido de Praseodimio (IV)";"DiÓxido de MonoPraseodimio";"2Pr + O_{2} \rightarrow 2PrO_{2}";"59 - Pr - Praseodimio"
102;102;60;"Neodimio";"Nd";3;"III";"Nd2O3";"Nd_{2}O_{3}";"Óxido de Neodimio";"Óxido de Neodimio (III)";"TriÓxido de DiNeodimio";"2Nd + O_{2} \rightarrow Nd_{2}O_{3}";"60 - Nd - Neodimio"
103;103;61;"Prometio";"Pm";3;"III";"Pm2O3";"Pm_{2}O_{3}";"Óxido de Prometio";"Óxido de Prometio (III)";"TriÓxido de DiPrometio";"2Pm + O_{2} \rightarrow Pm_{2}O_{3}";"61 - Pm - Prometio"
104;104;62;"Samario";"Sm";2;"II";"Sm1O1";"SmO";"Óxido Samarioso";"Óxido de Samario (II)";"MonÓxido de MonoSamario";"2Sm + O_{2} \rightarrow 2SmO";"62 - Sm - Samario"
105;105;62;"Samario";"Sm";3;"III";"Sm2O3";"Sm_{2}O_{3}";"Óxido Samárico";"Óxido de Samario (III)";"TriÓxido de DiSamario";"2Sm + O_{2} \rightarrow Sm_{2}O_{3}";"62 - Sm - Samario"
106;106;63;"Europio";"Eu";2;"II";"Eu1O1";"EuO";"Óxido Europioso";"Óxido de Europio (II)";"MonÓxido de MonoEuropio";"2Eu + O_{2} \rightarrow 2EuO";"63 - Eu - Europio"
107;107;63;"Europio";"Eu";3;"III";"Eu2O3";"Eu_{2}O_{3}";"Óxido Európico";"Óxido de Europio (III)";"TriÓxido de DiEuropio";"2Eu + O_{2} \rightarrow Eu_{2}O_{3}";"63 - Eu - Europio"
108;108;64;"Gadolinio";"Gd";3;"III";"Gd2O3";"Gd_{2}O_{3}";"Óxido de Gadolinio";"Óxido de Gadolinio (III)";"TriÓxido de DiGadolinio";"2Gd + O_{2} \rightarrow Gd_{2}O_{3}";"64 - Gd - Gadolinio"
109;109;65;"Terbio";"Tb";3;"III";"Tb2O3";"Tb_{2}O_{3}";"Óxido Terbioso";"Óxido de Terbio (III)";"TriÓxido de DiTerbio";"2Tb + O_{2} \rightarrow Tb_{2}O_{3}";"65 - Tb - Terbio"
110;110;65;"Terbio";"Tb";4;"IV";"Tb1O2";"TbO_{2}";"Óxido Térbico";"Óxido de Terbio (IV)";"DiÓxido de MonoTerbio";"2Tb + O_{2} \rightarrow 2TbO_{2}";"65 - Tb - Terbio"
111;111;66;"Disprosio";"Dy";3;"III";"Dy2O3";"Dy_{2}O_{3}";"Óxido de Disprosio";"Óxido de Disprosio (III)";"TriÓxido de DiDisprosio";"2Dy + O_{2} \rightarrow Dy_{2}O_{3}";"66 - Dy - Disprosio"
112;112;67;"Holmio";"Ho";3;"III";"Ho2O3";"Ho_{2}O_{3}";"Óxido de Holmio";"Óxido de Holmio (III)";"TriÓxido de DiHolmio";"2Ho + O_{2} \rightarrow Ho_{2}O_{3}";"67 - Ho - Holmio"
113;113;68;"Erbio";"Er";3;"III";"Er2O3";"Er_{2}O_{3}";"Óxido de Erbio";"Óxido de Erbio (III)";"TriÓxido de DiErbio";"2Er + O_{2} \rightarrow Er_{2}O_{3}";"68 - Er - Erbio"
114;114;69;"Tulio";"Tm";2;"II";"Tm1O1";"TmO";"Óxido Tulioso";"Óxido de Tulio (II)";"MonÓxido de MonoTulio";"2Tm + O_{2} \rightarrow 2TmO";"69 - Tm - Tulio"
115;115;69;"Tulio";"Tm";3;"III";"Tm2O3";"Tm_{2}O_{3}";"Óxido Túlico";"Óxido de Tulio (III)";"TriÓxido de DiTulio";"2Tm + O_{2} \rightarrow Tm_{2}O_{3}";"69 - Tm - Tulio"
116;116;70;"Iterbio";"Yb";2;"II";"Yb1O1";"YbO";"Óxido Iterbioso";"Óxido de Iterbio (II)";"MonÓxido de MonoIterbio";"2Yb + O_{2} \rightarrow 2YbO";"70 - Yb - Iterbio"
117;117;70;"Iterbio";"Yb";3;"III";"Yb2O3";"Yb_{2}O_{3}";"Óxido Itérbico";"Óxido de Iterbio (III)";"TriÓxido de DiIterbio";"2Yb + O_{2} \rightarrow Yb_{2}O_{3}";"70 - Yb - Iterbio"
118;118;71;"Lutecio";"Lu";3;"III";"Lu2O3";"Lu_{2}O_{3}";"Óxido de Lutecio";"Óxido de Lutecio (III)";"TriÓxido de DiLutecio";"2Lu + O_{2} \rightarrow Lu_{2}O_{3}";"71 - Lu - Lutecio"
119;119;72;"Hafnio";"Hf";4;"IV";"Hf1O2";"HfO_{2}";"Óxido de Hafnio";"Óxido de Hafnio (IV)";"DiÓxido de MonoHafnio";"2Hf + O_{2} \rightarrow 2HfO_{2}";"72 - Hf - Hafnio"
120;120;73;"Tantalio";"Ta";5;"V";"Ta2O5";"Ta_{2}O_{5}";"Óxido de Tantalio";"Óxido de Tantalio (V)";"PentaÓxido de DiTantalio";"2Ta + O_{2} \rightarrow Ta_{2}O_{5}";"73 - Ta - Tantalio"
121;121;74;"Tungsteno";"W";2;"II";"W1O1";"WO";"Óxido HipoTungstenoso";"Óxido de Tungsteno (II)";"MonÓxido de MonoTungsteno";"2W + O_{2} \rightarrow 2WO";"74 - W - Tungsteno"
122;122;74;"Tungsteno";"W";3;"III";"W2O3";"W_{2}O_{3}";"Óxido Tungstenoso";"Óxido de Tungsteno (III)";"TriÓxido de DiTungsteno";"2W + O_{2} \rightarrow W_{2}O_{3}";"74 - W - Tungsteno"
123;123;74;"Tungsteno";"W";4;"IV";"W1O2";"WO_{2}";"Óxido Tungsténico";"Óxido de Tungsteno (IV)";"DiÓxido de MonoTungsteno";"2W + O_{2} \rightarrow 2WO_{2}";"74 - W - Tungsteno"
124;124;74;"Tungsteno";"W";5;"V";"W2O5";"W_{2}O_{5}";"Óxido PerTungsténico";"Óxido de Tungsteno (V)";"PentaÓxido de DiTungsteno";"2W + O_{2} \rightarrow W_{2}O_{5}";"74 - W - Tungsteno"
125;125;74;"Tungsteno";"W";6;"VI";"W1O3";"WO_{3}";"Óxido ???Tungsténico???";"Óxido de Tungsteno (VI)";"TriÓxido de MonoTungsteno";"2W + O_{2} \rightarrow 2WO_{3}";"74 - W - Tungsteno"
126;126;75;"Renio";"Re";1;"I";"Re2O1";"Re_{2}O";"Óxido HipoRenioso";"Óxido de Renio (I)";"MonÓxido de DiRenio";"2Re + O_{2} \rightarrow Re_{2}O";"75 - Re - Renio"
127;127;75;"Renio";"Re";2;"II";"Re1O1";"ReO";"Óxido Renioso";"Óxido de Renio (II)";"MonÓxido de MonoRenio";"2Re + O_{2} \rightarrow 2ReO";"75 - Re - Renio"
128;128;75;"Renio";"Re";4;"IV";"Re1O2";"ReO_{2}";"Óxido Rénico";"Óxido de Renio (IV)";"DiÓxido de MonoRenio";"2Re + O_{2} \rightarrow 2ReO_{2}";"75 - Re - Renio"
129;129;75;"Renio";"Re";6;"VI";"Re1O3";"ReO_{3}";"Óxido PerRénico";"Óxido de Renio (VI)";"TriÓxido de MonoRenio";"2Re + O_{2} \rightarrow 2ReO_{3}";"75 - Re - Renio"
130;130;75;"Renio";"Re";7;"VII";"Re2O7";"Re_{2}O_{7}";"Óxido ???Rénico???";"Óxido de Renio (VII)";"HeptaÓxido de DiRenio";"2Re + O_{2} \rightarrow Re_{2}O_{7}";"75 - Re - Renio"
131;131;76;"Osmio";"Os";2;"II";"Os1O1";"OsO";"Óxido HipoOsmioso";"Óxido de Osmio (II)";"MonÓxido de MonoOsmio";"2Os + O_{2} \rightarrow 2OsO";"76 - Os - Osmio"
132;132;76;"Osmio";"Os";3;"III";"Os2O3";"Os_{2}O_{3}";"Óxido Osmioso";"Óxido de Osmio (III)";"TriÓxido de DiOsmio";"2Os + O_{2} \rightarrow Os_{2}O_{3}";"76 - Os - Osmio"
133;133;76;"Osmio";"Os";4;"IV";"Os1O2";"OsO_{2}";"Óxido Ósmico";"Óxido de Osmio (IV)";"DiÓxido de MonoOsmio";"2Os + O_{2} \rightarrow 2OsO_{2}";"76 - Os - Osmio"
134;134;76;"Osmio";"Os";6;"VI";"Os1O3";"OsO_{3}";"Óxido PerÓsmico";"Óxido de Osmio (VI)";"TriÓxido de MonoOsmio";"2Os + O_{2} \rightarrow 2OsO_{3}";"76 - Os - Osmio"
135;135;76;"Osmio";"Os";8;"VIII";"Os1O4";"OsO_{4}";"Óxido SuperÓsmico???";"Óxido de Osmio (VIII)";"TetraÓxido de MonoOsmio";"2Os + O_{2} \rightarrow 2OsO_{4}";"76 - Os - Osmio"
136;136;77;"Iridio";"Ir";2;"II";"Ir1O1";"IrO";"Óxido HipoIridioso";"Óxido de Iridio (II)";"MonÓxido de MonoIridio";"2Ir + O_{2} \rightarrow 2IrO";"77 - Ir - Iridio"
137;137;77;"Iridio";"Ir";3;"III";"Ir2O3";"Ir_{2}O_{3}";"Óxido Iridioso";"Óxido de Iridio (III)";"TriÓxido de DiIridio";"2Ir + O_{2} \rightarrow Ir_{2}O_{3}";"77 - Ir - Iridio"
138;138;77;"Iridio";"Ir";4;"IV";"Ir1O2";"IrO_{2}";"Óxido Irídico";"Óxido de Iridio (IV)";"DiÓxido de MonoIridio";"2Ir + O_{2} \rightarrow 2IrO_{2}";"77 - Ir - Iridio"
139;139;77;"Iridio";"Ir";6;"VI";"Ir1O3";"IrO_{3}";"Óxido PerIrídico";"Óxido de Iridio (VI)";"TriÓxido de MonoIridio";"2Ir + O_{2} \rightarrow 2IrO_{3}";"77 - Ir - Iridio"
140;140;78;"Platino";"Pt";2;"II";"Pt1O1";"PtO";"Óxido Platinoso";"Óxido de Platino (II)";"MonÓxido de MonoPlatino";"2Pt + O_{2} \rightarrow 2PtO";"78 - Pt - Platino"
141;141;78;"Platino";"Pt";4;"IV";"Pt1O2";"PtO_{2}";"Óxido Platítico";"Óxido de Platino (IV)";"DiÓxido de MonoPlatino";"2Pt + O_{2} \rightarrow 2PtO_{2}";"78 - Pt - Platino"
142;142;79;"Oro";"Au";1;"I";"Au2O1";"Au_{2}O";"Óxido Auroso";"Óxido de Oro (I)";"MonÓxido de DiOro";"2Au + O_{2} \rightarrow Au_{2}O";"79 - Au - Oro"
143;143;79;"Oro";"Au";3;"III";"Au2O3";"Au_{2}O_{3}";"Óxido Áurico";"Óxido de Oro (III)";"TriÓxido de DiOro";"2Au + O_{2} \rightarrow Au_{2}O_{3}";"79 - Au - Oro"
144;144;80;"Mercurio";"Hg";1;"I";"Hg2O1";"Hg_{2}O";"Óxido Mercuroso";"Óxido de Mercurio (I)";"MonÓxido de DiMercurio";"2Hg + O_{2} \rightarrow Hg_{2}O";"80 - Hg - Mercurio"
145;145;80;"Mercurio";"Hg";2;"II";"Hg1O1";"HgO";"Óxido Mercúrico";"Óxido de Mercurio (II)";"MonÓxido de MonoMercurio";"2Hg + O_{2} \rightarrow 2HgO";"80 - Hg - Mercurio"
146;146;81;"Talio";"Tl";1;"I";"Tl2O1";"Tl_{2}O";"Óxido Taloso";"Óxido de Talio (I)";"MonÓxido de DiTalio";"2Tl + O_{2} \rightarrow Tl_{2}O";"81 - Tl - Talio"
147;147;81;"Talio";"Tl";3;"III";"Tl2O3";"Tl_{2}O_{3}";"Óxido Tálico";"Óxido de Talio (III)";"TriÓxido de DiTalio";"2Tl + O_{2} \rightarrow Tl_{2}O_{3}";"81 - Tl - Talio"
148;148;82;"Plomo";"Pb";2;"II";"Pb1O1";"PbO";"Óxido Plumboso";"Óxido de Plomo (II)";"MonÓxido de MonoPlomo";"2Pb + O_{2} \rightarrow 2PbO";"82 - Pb - Plomo"
149;149;82;"Plomo";"Pb";4;"IV";"Pb1O2";"PbO_{2}";"Óxido Plúmbico";"Óxido de Plomo (IV)";"DiÓxido de MonoPlomo";"2Pb + O_{2} \rightarrow 2PbO_{2}";"82 - Pb - Plomo"
150;150;83;"Bismuto";"Bi";3;"III";"Bi2O3";"Bi_{2}O_{3}";"Óxido Bismutoso";"Óxido de Bismuto (III)";"TriÓxido de DiBismuto";"2Bi + O_{2} \rightarrow Bi_{2}O_{3}";"83 - Bi - Bismuto"
151;151;83;"Bismuto";"Bi";5;"V";"Bi2O5";"Bi_{2}O_{5}";"Óxido Bismútico";"Óxido de Bismuto (V)";"PentaÓxido de DiBismuto";"2Bi + O_{2} \rightarrow Bi_{2}O_{5}";"83 - Bi - Bismuto"
152;152;84;"Polonio";"Po";2;"II";"Po1O1";"PoO";"Óxido Polonioso";"Óxido de Polonio (II)";"MonÓxido de MonoPolonio";"2Po + O_{2} \rightarrow 2PoO";"84 - Po - Polonio"
153;153;84;"Polonio";"Po";4;"IV";"Po1O2";"PoO_{2}";"Óxido Polónico";"Óxido de Polonio (IV)";"DiÓxido de MonoPolonio";"2Po + O_{2} \rightarrow 2PoO_{2}";"84 - Po - Polonio"
154;154;85;"Astato";"At";1;"I";"At2O1";"At_{2}O";"Óxido HipoAstatoso";"Óxido de Astato (I)";"MonÓxido de DiAstato";"2At + O_{2} \rightarrow At_{2}O";"85 - At - Astato"
155;155;85;"Astato";"At";3;"III";"At2O3";"At_{2}O_{3}";"Óxido Astatoso";"Óxido de Astato (III)";"TriÓxido de DiAstato";"2At + O_{2} \rightarrow At_{2}O_{3}";"85 - At - Astato"
156;156;85;"Astato";"At";5;"V";"At2O5";"At_{2}O_{5}";"Óxido Astático";"Óxido de Astato (V)";"PentaÓxido de DiAstato";"2At + O_{2} \rightarrow At_{2}O_{5}";"85 - At - Astato"
157;157;85;"Astato";"At";7;"VII";"At2O7";"At_{2}O_{7}";"Óxido PerAstático";"Óxido de Astato (VII)";"HeptaÓxido de DiAstato";"2At + O_{2} \rightarrow At_{2}O_{7}";"85 - At - Astato"
158;158;87;"Francio";"Fr";1;"I";"Fr2O1";"Fr_{2}O";"Óxido de Francio";"Óxido de Francio (I)";"MonÓxido de DiFrancio";"2Fr + O_{2} \rightarrow Fr_{2}O";"87 - Fr - Francio"
159;159;88;"Radio";"Ra";2;"II";"Ra1O1";"RaO";"Óxido de Radio";"Óxido de Radio (II)";"MonÓxido de MonoRadio";"2Ra + O_{2} \rightarrow 2RaO";"88 - Ra - Radio"
160;160;89;"Actinio";"Ac";3;"III";"Ac2O3";"Ac_{2}O_{3}";"Óxido de Actinio";"Óxido de Actinio (III)";"TriÓxido de DiActinio";"2Ac + O_{2} \rightarrow Ac_{2}O_{3}";"89 - Ac - Actinio"
161;161;90;"Torio";"Th";4;"IV";"Th1O2";"ThO_{2}";"Óxido de Torio";"Óxido de Torio (IV)";"DiÓxido de MonoTorio";"2Th + O_{2} \rightarrow 2ThO_{2}";"90 - Th - Torio"
162;162;91;"Protactinio";"Pa";4;"IV";"Pa1O2";"PaO_{2}";"Óxido Protactinioso";"Óxido de Protactinio (IV)";"DiÓxido de MonoProtactinio";"2Pa + O_{2} \rightarrow 2PaO_{2}";"91 - Pa - Protactinio"
163;163;91;"Protactinio";"Pa";5;"V";"Pa2O5";"Pa_{2}O_{5}";"Óxido Protactínico";"Óxido de Protactinio (V)";"PentaÓxido de DiProtactinio";"2Pa + O_{2} \rightarrow Pa_{2}O_{5}";"91 - Pa - Protactinio"
164;164;92;"Uranio";"U";3;"III";"U2O3";"U_{2}O_{3}";"Óxido HipoUranoso";"Óxido de Uranio (III)";"TriÓxido de DiUranio";"2U + O_{2} \rightarrow U_{2}O_{3}";"92 - U - Uranio"
165;165;92;"Uranio";"U";4;"IV";"U1O2";"UO_{2}";"Óxido Uranoso";"Óxido de Uranio (IV)";"DiÓxido de MonoUranio";"2U + O_{2} \rightarrow 2UO_{2}";"92 - U - Uranio"
166;166;92;"Uranio";"U";5;"V";"U2O5";"U_{2}O_{5}";"Óxido Uránico";"Óxido de Uranio (V)";"PentaÓxido de DiUranio";"2U + O_{2} \rightarrow U_{2}O_{5}";"92 - U - Uranio"
167;167;92;"Uranio";"U";6;"VI";"U1O3";"UO_{3}";"Óxido PerUránico";"Óxido de Uranio (VI)";"TriÓxido de MonoUranio";"2U + O_{2} \rightarrow 2UO_{3}";"92 - U - Uranio"
168;168;93;"Neptunio";"Np";3;"III";"Np2O3";"Np_{2}O_{3}";"Óxido HipoNeptunioso";"Óxido de Neptunio (III)";"TriÓxido de DiNeptunio";"2Np + O_{2} \rightarrow Np_{2}O_{3}";"93 - Np - Neptunio"
169;169;93;"Neptunio";"Np";4;"IV";"Np1O2";"NpO_{2}";"Óxido Neptunioso";"Óxido de Neptunio (IV)";"DiÓxido de MonoNeptunio";"2Np + O_{2} \rightarrow 2NpO_{2}";"93 - Np - Neptunio"
170;170;93;"Neptunio";"Np";5;"V";"Np2O5";"Np_{2}O_{5}";"Óxido Neptúnico";"Óxido de Neptunio (V)";"PentaÓxido de DiNeptunio";"2Np + O_{2} \rightarrow Np_{2}O_{5}";"93 - Np - Neptunio"
171;171;93;"Neptunio";"Np";6;"VI";"Np1O3";"NpO_{3}";"Óxido PerNeptúnico";"Óxido de Neptunio (VI)";"TriÓxido de MonoNeptunio";"2Np + O_{2} \rightarrow 2NpO_{3}";"93 - Np - Neptunio"
172;172;94;"Plutonio";"Pu";3;"III";"Pu2O3";"Pu_{2}O_{3}";"Óxido HipoPlutonioso";"Óxido de Plutonio (III)";"TriÓxido de DiPlutonio";"2Pu + O_{2} \rightarrow Pu_{2}O_{3}";"94 - Pu - Plutonio"
173;173;94;"Plutonio";"Pu";4;"IV";"Pu1O2";"PuO_{2}";"Óxido Plutonioso";"Óxido de Plutonio (IV)";"DiÓxido de MonoPlutonio";"2Pu + O_{2} \rightarrow 2PuO_{2}";"94 - Pu - Plutonio"
174;174;94;"Plutonio";"Pu";5;"V";"Pu2O5";"Pu_{2}O_{5}";"Óxido Plutónico";"Óxido de Plutonio (V)";"PentaÓxido de DiPlutonio";"2Pu + O_{2} \rightarrow Pu_{2}O_{5}";"94 - Pu - Plutonio"
175;175;94;"Plutonio";"Pu";6;"VI";"Pu1O3";"PuO_{3}";"Óxido PerPlutónico";"Óxido de Plutonio (VI)";"TriÓxido de MonoPlutonio";"2Pu + O_{2} \rightarrow 2PuO_{3}";"94 - Pu - Plutonio"
176;176;95;"Americio";"Am";3;"III";"Am2O3";"Am_{2}O_{3}";"Óxido HipoAmericioso";"Óxido de Americio (III)";"TriÓxido de DiAmericio";"2Am + O_{2} \rightarrow Am_{2}O_{3}";"95 - Am - Americio"
177;177;95;"Americio";"Am";4;"IV";"Am1O2";"AmO_{2}";"Óxido Americioso";"Óxido de Americio (IV)";"DiÓxido de MonoAmericio";"2Am + O_{2} \rightarrow 2AmO_{2}";"95 - Am - Americio"
178;178;95;"Americio";"Am";5;"V";"Am2O5";"Am_{2}O_{5}";"Óxido Amerícico";"Óxido de Americio (V)";"PentaÓxido de DiAmericio";"2Am + O_{2} \rightarrow Am_{2}O_{5}";"95 - Am - Americio"
179;179;95;"Americio";"Am";6;"VI";"Am1O3";"AmO_{3}";"Óxido PerAmerícico";"Óxido de Americio (VI)";"TriÓxido de MonoAmericio";"2Am + O_{2} \rightarrow 2AmO_{3}";"95 - Am - Americio"
180;180;96;"Curio";"Cm";3;"III";"Cm2O3";"Cm_{2}O_{3}";"Óxido de Curio";"Óxido de Curio (III)";"TriÓxido de DiCurio";"2Cm + O_{2} \rightarrow Cm_{2}O_{3}";"96 - Cm - Curio"
181;181;97;"Berkelio";"Bk";3;"III";"Bk2O3";"Bk_{2}O_{3}";"Óxido Berkelioso";"Óxido de Berkelio (III)";"TriÓxido de DiBerkelio";"2Bk + O_{2} \rightarrow Bk_{2}O_{3}";"97 - Bk - Berkelio"
182;182;97;"Berkelio";"Bk";4;"IV";"Bk1O2";"BkO_{2}";"Óxido Berkélico";"Óxido de Berkelio (IV)";"DiÓxido de MonoBerkelio";"2Bk + O_{2} \rightarrow 2BkO_{2}";"97 - Bk - Berkelio"
183;183;98;"Californio";"Cf";3;"III";"Cf2O3";"Cf_{2}O_{3}";"Óxido de Californio";"Óxido de Californio (III)";"TriÓxido de DiCalifornio";"2Cf + O_{2} \rightarrow Cf_{2}O_{3}";"98 - Cf - Californio"
184;184;99;"Einstenio";"Es";4;"IV";"Es1O2";"EsO_{2}";"Óxido de Einstenio";"Óxido de Einstenio (IV)";"DiÓxido de MonoEinstenio";"2Es + O_{2} \rightarrow 2EsO_{2}";"99 - Es - Einstenio"
185;185;100;"Fermio";"Fm";4;"IV";"Fm1O2";"FmO_{2}";"Óxido de Fermio";"Óxido de Fermio (IV)";"DiÓxido de MonoFermio";"2Fm + O_{2} \rightarrow 2FmO_{2}";"100 - Fm - Fermio"
186;186;101;"Mendelevio";"Md";3;"III";"Md2O3";"Md_{2}O_{3}";"Óxido Mendelevioso";"Óxido de Mendelevio (III)";"TriÓxido de DiMendelevio";"2Md + O_{2} \rightarrow Md_{2}O_{3}";"101 - Md - Mendelevio"
187;187;101;"Mendelevio";"Md";4;"IV";"Md1O2";"MdO_{2}";"Óxido Mendelévico";"Óxido de Mendelevio (IV)";"DiÓxido de MonoMendelevio";"2Md + O_{2} \rightarrow 2MdO_{2}";"101 - Md - Mendelevio"
188;188;102;"Nobelio";"No";3;"III";"No2O3";"No_{2}O_{3}";"Óxido Nobelioso";"Óxido de Nobelio (III)";"TriÓxido de DiNobelio";"2No + O_{2} \rightarrow No_{2}O_{3}";"102 - No - Nobelio"
189;189;102;"Nobelio";"No";4;"IV";"No1O2";"NoO_{2}";"Óxido Nobélico";"Óxido de Nobelio (IV)";"DiÓxido de MonoNobelio";"2No + O_{2} \rightarrow 2NoO_{2}";"102 - No - Nobelio"
190;190;103;"Laurencio";"Lr";3;"III";"Lr2O3";"Lr_{2}O_{3}";"Óxido Laurencioso";"Óxido de Laurencio (III)";"TriÓxido de DiLaurencio";"2Lr + O_{2} \rightarrow Lr_{2}O_{3}";"103 - Lr - Laurencio"
191;191;103;"Laurencio";"Lr";4;"IV";"Lr1O2";"LrO_{2}";"Óxido Lauréncico";"Óxido de Laurencio (IV)";"DiÓxido de MonoLaurencio";"2Lr + O_{2} \rightarrow 2LrO_{2}";"103 - Lr - Laurencio"
192;192;104;"Rutherfordio";"Rf";4;"IV";"Rf1O2";"RfO_{2}";"Óxido de Rutherfordio";"Óxido de Rutherfordio (IV)";"DiÓxido de MonoRutherfordio";"2Rf + O_{2} \rightarrow 2RfO_{2}";"104 - Rf - Rutherfordio"
193;193;105;"Dubnio";"Db";4;"IV";"Db1O2";"DbO_{2}";"Óxido de Dubnio";"Óxido de Dubnio (IV)";"DiÓxido de MonoDubnio";"2Db + O_{2} \rightarrow 2DbO_{2}";"105 - Db - Dubnio"
194;194;106;"Seaborgio";"Sg";4;"IV";"Sg1O2";"SgO_{2}";"Óxido de Seaborgio";"Óxido de Seaborgio (IV)";"DiÓxido de MonoSeaborgio";"2Sg + O_{2} \rightarrow 2SgO_{2}";"106 - Sg - Seaborgio"
195;195;107;"Bohrio";"Bh";3;"III";"Bh2O3";"Bh_{2}O_{3}";"Óxido HipoBohrioso";"Óxido de Bohrio (III)";"TriÓxido de DiBohrio";"2Bh + O_{2} \rightarrow Bh_{2}O_{3}";"107 - Bh - Bohrio"
196;196;107;"Bohrio";"Bh";4;"IV";"Bh1O2";"BhO_{2}";"Óxido Bohrioso";"Óxido de Bohrio (IV)";"DiÓxido de MonoBohrio";"2Bh + O_{2} \rightarrow 2BhO_{2}";"107 - Bh - Bohrio"
197;197;107;"Bohrio";"Bh";5;"V";"Bh2O5";"Bh_{2}O_{5}";"Óxido Bóhrico";"Óxido de Bohrio (V)";"PentaÓxido de DiBohrio";"2Bh + O_{2} \rightarrow Bh_{2}O_{5}";"107 - Bh - Bohrio"
198;198;108;"Hassio";"Hs";2;"II";"Hs1O1";"HsO";"Óxido HipoHassioso";"Óxido de Hassio (II)";"MonÓxido de MonoHassio";"2Hs + O_{2} \rightarrow 2HsO";"108 - Hs - Hassio"
199;199;108;"Hassio";"Hs";4;"IV";"Hs1O2";"HsO_{2}";"Óxido Hassioso";"Óxido de Hassio (IV)";"DiÓxido de MonoHassio";"2Hs + O_{2} \rightarrow 2HsO_{2}";"108 - Hs - Hassio"
200;200;108;"Hassio";"Hs";6;"VI";"Hs1O3";"HsO_{3}";"Óxido Hássico";"Óxido de Hassio (VI)";"TriÓxido de MonoHassio";"2Hs + O_{2} \rightarrow 2HsO_{3}";"108 - Hs - Hassio"
201;201;108;"Hassio";"Hs";7;"VII";"Hs2O7";"Hs_{2}O_{7}";"Óxido PerHássico";"Óxido de Hassio (VII)";"HeptaÓxido de DiHassio";"2Hs + O_{2} \rightarrow Hs_{2}O_{7}";"108 - Hs - Hassio"
202;202;109;"Meitnerius";"Mt";2;"II";"Mt1O1";"MtO";"Óxido HipoMeintnerioso";"Óxido de Meitnerius (II)";"MonÓxido de MonoMeitnerius";"2Mt + O_{2} \rightarrow 2MtO";"109 - Mt - Meitnerius"
203;203;109;"Meitnerius";"Mt";3;"III";"Mt2O3";"Mt_{2}O_{3}";"Óxido Meintnerioso";"Óxido de Meitnerius (III)";"TriÓxido de DiMeitnerius";"2Mt + O_{2} \rightarrow Mt_{2}O_{3}";"109 - Mt - Meitnerius"
204;204;109;"Meitnerius";"Mt";4;"IV";"Mt1O2";"MtO_{2}";"Óxido Meintnérico";"Óxido de Meitnerius (IV)";"DiÓxido de MonoMeitnerius";"2Mt + O_{2} \rightarrow 2MtO_{2}";"109 - Mt - Meitnerius"
205;205;109;"Meitnerius";"Mt";6;"VI";"Mt1O3";"MtO_{3}";"Óxido PerMeintnérico";"Óxido de Meitnerius (VI)";"TriÓxido de MonoMeitnerius";"2Mt + O_{2} \rightarrow 2MtO_{3}";"109 - Mt - Meitnerius"
206;206;110;"Darmstatio";"Ds";2;"II";"Ds1O1";"DsO";"Óxido Darmstatioso";"Óxido de Darmstatio (II)";"MonÓxido de MonoDarmstatio";"2Ds + O_{2} \rightarrow 2DsO";"110 - Ds - Darmstatio"
207;207;110;"Darmstatio";"Ds";4;"IV";"Ds1O2";"DsO_{2}";"Óxido Darmstático";"Óxido de Darmstatio (IV)";"DiÓxido de MonoDarmstatio";"2Ds + O_{2} \rightarrow 2DsO_{2}";"110 - Ds - Darmstatio"
208;208;111;"Roentgenio";"Rg";2;"II";"Rg1O1";"RgO";"Óxido Roentgenioso";"Óxido de Roentgenio (II)";"MonÓxido de MonoRoentgenio";"2Rg + O_{2} \rightarrow 2RgO";"111 - Rg - Roentgenio"
209;209;111;"Roentgenio";"Rg";3;"III";"Rg2O3";"Rg_{2}O_{3}";"Óxido Roentgéncio";"Óxido de Roentgenio (III)";"TriÓxido de DiRoentgenio";"2Rg + O_{2} \rightarrow Rg_{2}O_{3}";"111 - Rg - Roentgenio"
210;210;112;"Copérnico";"Cn";1;"I";"Cn2O1";"Cn_{2}O";"Óxido Copernicoso";"Óxido de Copérnico (I)";"MonÓxido de DiCopérnico";"2Cn + O_{2} \rightarrow Cn_{2}O";"112 - Cn - Copérnico"
211;211;112;"Copérnico";"Cn";2;"II";"Cn1O1";"CnO";"Óxido Copernícico";"Óxido de Copérnico (II)";"MonÓxido de MonoCopérnico";"2Cn + O_{2} \rightarrow 2CnO";"112 - Cn - Copérnico"
212;212;113;"Nihonio";"Nh";3;"III";"Nh2O3";"Nh_{2}O_{3}";"Óxido de Nihonio";"Óxido de Nihonio (III)";"TriÓxido de DiNihonio";"2Nh + O_{2} \rightarrow Nh_{2}O_{3}";"113 - Nh - Nihonio"
213;213;114;"Flerovio";"Fl";2;"II";"Fl1O1";"FlO";"Óxido HipoFlerovioso";"Óxido de Flerovio (II)";"MonÓxido de MonoFlerovio";"2Fl + O_{2} \rightarrow 2FlO";"114 - Fl - Flerovio"
214;214;114;"Flerovio";"Fl";4;"IV";"Fl1O2";"FlO_{2}";"Óxido Flerovioso";"Óxido de Flerovio (IV)";"DiÓxido de MonoFlerovio";"2Fl + O_{2} \rightarrow 2FlO_{2}";"114 - Fl - Flerovio"
215;215;114;"Flerovio";"Fl";5;"V";"Fl2O5";"Fl_{2}O_{5}";"Óxido Flerívico";"Óxido de Flerovio (V)";"PentaÓxido de DiFlerovio";"2Fl + O_{2} \rightarrow Fl_{2}O_{5}";"114 - Fl - Flerovio"
216;216;115;"Moscovio";"Mc";1;"I";"Mc2O1";"Mc_{2}O";"Óxido HipoMoscovioso";"Óxido de Moscovio (I)";"MonÓxido de DiMoscovio";"2Mc + O_{2} \rightarrow Mc_{2}O";"115 - Mc - Moscovio"
217;217;115;"Moscovio";"Mc";4;"IV";"Mc1O2";"McO_{2}";"Óxido Moscovioso";"Óxido de Moscovio (IV)";"DiÓxido de MonoMoscovio";"2Mc + O_{2} \rightarrow 2McO_{2}";"115 - Mc - Moscovio"
218;218;115;"Moscovio";"Mc";5;"V";"Mc2O5";"Mc_{2}O_{5}";"Óxido Moscóvico";"Óxido de Moscovio (V)";"PentaÓxido de DiMoscovio";"2Mc + O_{2} \rightarrow Mc_{2}O_{5}";"115 - Mc - Moscovio"
219;219;116;"Livermorio";"Lv";3;"III";"Lv2O3";"Lv_{2}O_{3}";"Óxido HipoLivermorioso";"Óxido de Livermorio (III)";"TriÓxido de DiLivermorio";"2Lv + O_{2} \rightarrow Lv_{2}O_{3}";"116 - Lv - Livermorio"
220;220;116;"Livermorio";"Lv";4;"IV";"Lv1O2";"LvO_{2}";"Óxido Livermorioso";"Óxido de Livermorio (IV)";"DiÓxido de MonoLivermorio";"2Lv + O_{2} \rightarrow 2LvO_{2}";"116 - Lv - Livermorio"
221;221;116;"Livermorio";"Lv";5;"V";"Lv2O5";"Lv_{2}O_{5}";"Óxido Livérmico";"Óxido de Livermorio (V)";"PentaÓxido de DiLivermorio";"2Lv + O_{2} \rightarrow Lv_{2}O_{5}";"116 - Lv - Livermorio"
222;222;117;"Teneso";"Ts";1;"I";"Ts2O1";"Ts_{2}O";"Óxido HipoTenoso";"Óxido de Teneso (I)";"MonÓxido de DiTeneso";"2Ts + O_{2} \rightarrow Ts_{2}O";"117 - Ts - Teneso"
223;223;117;"Teneso";"Ts";2;"II";"Ts1O1";"TsO";"Óxido Tenoso";"Óxido de Teneso (II)";"MonÓxido de MonoTeneso";"2Ts + O_{2} \rightarrow 2TsO";"117 - Ts - Teneso"
224;224;117;"Teneso";"Ts";3;"III";"Ts2O3";"Ts_{2}O_{3}";"Óxido Tenésico";"Óxido de Teneso (III)";"TriÓxido de DiTeneso";"2Ts + O_{2} \rightarrow Ts_{2}O_{3}";"117 - Ts - Teneso"
225;225;118;"Oganesón";"Og";4;"IV";"Og1O2";"OgO_{2}";"Óxido Oganesoso";"Óxido de Oganesón (IV)";"DiÓxido de MonoOganesón";"2Og + O_{2} \rightarrow 2OgO_{2}";"118 - Og - Oganesón"
226;226;118;"Oganesón";"Og";7;"VII";"Og2O7";"Og_{2}O_{7}";"Óxido Oganésico";"Óxido de Oganesón (VII)";"HeptaÓxido de DiOganesón";"2Og + O_{2} \rightarrow Og_{2}O_{7}";"118 - Og - Oganesón"
