"orden_data01";"orden_hidroxido";"atomic_number";"name";"symbol";"valence";"roman";"chem_form01";"chem_form02";"nomen_01_tradicional";"nomen_02_stock";"nomen_03_sistematica";"chem_form03";"web_selector"
2;1;3;"Litio";"Li";1;"I";"Li1(OH)1";"Li(OH)";"Hidróxido de Litio";"Hidŕoxido de Litio (I)";"MonHidróxido de MonoLitio";"Li_{2}O + H_{2}O \rightarrow 2Li(OH)";"3 - Li - Litio"
3;2;4;"Berilio";"Be";2;"II";"Be1(OH)2";"Be(OH)_{2}";"Hidróxido de Berilio";"Hidŕoxido de Berilio (II)";"DiHidróxido de MonoBerilio";"BeO + H_{2}O \rightarrow Be(OH)_{2}";"4 - Be - Berilio"
12;3;11;"Sodio";"Na";1;"I";"Na1(OH)1";"Na(OH)";"Hidróxido de Sodio";"Hidŕoxido de Sodio (I)";"MonHidróxido de MonoSodio";"Na_{2}O + H_{2}O \rightarrow 2Na(OH)";"11 - Na - Sodio"
13;4;12;"Magnesio";"Mg";2;"II";"Mg1(OH)2";"Mg(OH)_{2}";"Hidróxido de Magnesio";"Hidŕoxido de Magnesio (II)";"DiHidróxido de MonoMagnesio";"MgO + H_{2}O \rightarrow Mg(OH)_{2}";"12 - Mg - Magnesio"
14;5;13;"Aluminio";"Al";3;"III";"Al1(OH)3";"Al(OH)_{3}";"Hidróxido de Aluminio";"Hidŕoxido de Aluminio (III)";"TriHidróxido de MonoAluminio";"Al_{2}O_{3} + 3H_{2}O \rightarrow 2Al(OH)_{3}";"13 - Al - Aluminio"
15;6;14;"Silicio";"Si";4;"IV";"Si1(OH)4";"Si(OH)_{4}";"Hidróxido de Silicio";"Hidŕoxido de Silicio (IV)";"TetraHidróxido de MonoSilicio";"SiO_{2} + 2H_{2}O \rightarrow Si(OH)_{4}";"14 - Si - Silicio"
26;7;19;"Potasio";"K";1;"I";"K1(OH)1";"K(OH)";"Hidróxido de Potasio";"Hidŕoxido de Potasio (I)";"MonHidróxido de MonoPotasio";"K_{2}O + H_{2}O \rightarrow 2K(OH)";"19 - K - Potasio"
27;8;20;"Calcio";"Ca";2;"II";"Ca1(OH)2";"Ca(OH)_{2}";"Hidróxido de Calcio";"Hidŕoxido de Calcio (II)";"DiHidróxido de MonoCalcio";"CaO + H_{2}O \rightarrow Ca(OH)_{2}";"20 - Ca - Calcio"
28;9;21;"Escandio";"Sc";3;"III";"Sc1(OH)3";"Sc(OH)_{3}";"Hidróxido de Escandio";"Hidŕoxido de Escandio (III)";"TriHidróxido de MonoEscandio";"Sc_{2}O_{3} + 3H_{2}O \rightarrow 2Sc(OH)_{3}";"21 - Sc - Escandio"
29;10;22;"Titanio";"Ti";3;"III";"Ti1(OH)3";"Ti(OH)_{3}";"Hidróxido Titanioso";"Hidŕoxido de Titanio (III)";"TriHidróxido de MonoTitanio";"Ti_{2}O_{3} + 3H_{2}O \rightarrow 2Ti(OH)_{3}";"22 - Ti - Titanio"
30;11;22;"Titanio";"Ti";4;"IV";"Ti1(OH)4";"Ti(OH)_{4}";"Hidróxido Titánico";"Hidŕoxido de Titanio (IV)";"TetraHidróxido de MonoTitanio";"TiO_{2} + 2H_{2}O \rightarrow Ti(OH)_{4}";"22 - Ti - Titanio"
31;12;23;"Vanadio";"V";2;"II";"V1(OH)2";"V(OH)_{2}";"Hidróxido HipoVanadioso";"Hidŕoxido de Vanadio (II)";"DiHidróxido de MonoVanadio";"VO + H_{2}O \rightarrow V(OH)_{2}";"23 - V - Vanadio"
32;13;23;"Vanadio";"V";3;"III";"V1(OH)3";"V(OH)_{3}";"Hidróxido Vanadioso";"Hidŕoxido de Vanadio (III)";"TriHidróxido de MonoVanadio";"V_{2}O_{3} + 3H_{2}O \rightarrow 2V(OH)_{3}";"23 - V - Vanadio"
33;14;23;"Vanadio";"V";4;"IV";"V1(OH)4";"V(OH)_{4}";"Hidróxido Vanádico";"Hidŕoxido de Vanadio (IV)";"TetraHidróxido de MonoVanadio";"VO_{2} + 2H_{2}O \rightarrow V(OH)_{4}";"23 - V - Vanadio"
34;15;23;"Vanadio";"V";5;"V";"V1(OH)5";"V(OH)_{5}";"Hidróxido PerVanádico";"Hidŕoxido de Vanadio (V)";"PentaHidróxido de MonoVanadio";"V_{2}O_{5} + 5H_{2}O \rightarrow 2V(OH)_{5}";"23 - V - Vanadio"
35;16;24;"Cromo";"Cr";2;"II";"Cr1(OH)2";"Cr(OH)_{2}";"Hidróxido HipoCromoso";"Hidŕoxido de Cromo (II)";"DiHidróxido de MonoCromo";"CrO + H_{2}O \rightarrow Cr(OH)_{2}";"24 - Cr - Cromo"
36;17;24;"Cromo";"Cr";3;"III";"Cr1(OH)3";"Cr(OH)_{3}";"Hidróxido Crómico";"Hidŕoxido de Cromo (III)";"TriHidróxido de MonoCromo";"Cr_{2}O_{3} + 3H_{2}O \rightarrow 2Cr(OH)_{3}";"24 - Cr - Cromo"
37;18;24;"Cromo";"Cr";6;"VI";"Cr1(OH)6";"Cr(OH)_{6}";"Hidróxido Crómico";"Hidŕoxido de Cromo (VI)";"HexaHidróxido de MonoCromo";"CrO_{3} + 3H_{2}O \rightarrow Cr(OH)_{6}";"24 - Cr - Cromo"
38;19;25;"Manganeso";"Mn";2;"II";"Mn1(OH)2";"Mn(OH)_{2}";"Hidróxido HipoManganoso";"Hidŕoxido de Manganeso (II)";"DiHidróxido de MonoManganeso";"MnO + H_{2}O \rightarrow Mn(OH)_{2}";"25 - Mn - Manganeso"
39;20;25;"Manganeso";"Mn";3;"III";"Mn1(OH)3";"Mn(OH)_{3}";"Hidróxido Manganoso";"Hidŕoxido de Manganeso (III)";"TriHidróxido de MonoManganeso";"Mn_{2}O_{3} + 3H_{2}O \rightarrow 2Mn(OH)_{3}";"25 - Mn - Manganeso"
40;21;25;"Manganeso";"Mn";4;"IV";"Mn1(OH)4";"Mn(OH)_{4}";"Hidróxido Mangánico";"Hidŕoxido de Manganeso (IV)";"TetraHidróxido de MonoManganeso";"MnO_{2} + 2H_{2}O \rightarrow Mn(OH)_{4}";"25 - Mn - Manganeso"
41;22;25;"Manganeso";"Mn";6;"VI";"Mn1(OH)6";"Mn(OH)_{6}";"Hidróxido PerMangánico";"Hidŕoxido de Manganeso (VI)";"HexaHidróxido de MonoManganeso";"MnO_{3} + 3H_{2}O \rightarrow Mn(OH)_{6}";"25 - Mn - Manganeso"
42;23;25;"Manganeso";"Mn";7;"VII";"Mn1(OH)7";"Mn(OH)_{7}";"Hidróxido ????Mangánico???";"Hidŕoxido de Manganeso (VII)";"HeptaHidróxido de MonoManganeso";"Mn_{2}O_{7} + 7H_{2}O \rightarrow 2Mn(OH)_{7}";"25 - Mn - Manganeso"
43;24;26;"Hierro";"Fe";2;"II";"Fe1(OH)2";"Fe(OH)_{2}";"Hidróxido Ferroso";"Hidŕoxido de Hierro (II)";"DiHidróxido de MonoHierro";"FeO + H_{2}O \rightarrow Fe(OH)_{2}";"26 - Fe - Hierro"
44;25;26;"Hierro";"Fe";3;"III";"Fe1(OH)3";"Fe(OH)_{3}";"Hidróxido Férrico";"Hidŕoxido de Hierro (III)";"TriHidróxido de MonoHierro";"Fe_{2}O_{3} + 3H_{2}O \rightarrow 2Fe(OH)_{3}";"26 - Fe - Hierro"
45;26;27;"Cobalto";"Co";2;"II";"Co1(OH)2";"Co(OH)_{2}";"Hidróxido Cobaltoso";"Hidŕoxido de Cobalto (II)";"DiHidróxido de MonoCobalto";"CoO + H_{2}O \rightarrow Co(OH)_{2}";"27 - Co - Cobalto"
46;27;27;"Cobalto";"Co";3;"III";"Co1(OH)3";"Co(OH)_{3}";"Hidróxido Cobáltico";"Hidŕoxido de Cobalto (III)";"TriHidróxido de MonoCobalto";"Co_{2}O_{3} + 3H_{2}O \rightarrow 2Co(OH)_{3}";"27 - Co - Cobalto"
47;28;28;"Níquel";"Ni";2;"II";"Ni1(OH)2";"Ni(OH)_{2}";"Hidróxido Niqueloso";"Hidŕoxido de Níquel (II)";"DiHidróxido de MonoNíquel";"NiO + H_{2}O \rightarrow Ni(OH)_{2}";"28 - Ni - Níquel"
48;29;28;"Níquel";"Ni";3;"III";"Ni1(OH)3";"Ni(OH)_{3}";"Hidróxido Niquélico";"Hidŕoxido de Níquel (III)";"TriHidróxido de MonoNíquel";"Ni_{2}O_{3} + 3H_{2}O \rightarrow 2Ni(OH)_{3}";"28 - Ni - Níquel"
49;30;29;"Cobre";"Cu";1;"I";"Cu1(OH)1";"Cu(OH)";"Hidróxido Cuproso";"Hidŕoxido de Cobre (I)";"MonHidróxido de MonoCobre";"Cu_{2}O + H_{2}O \rightarrow 2Cu(OH)";"29 - Cu - Cobre"
50;31;29;"Cobre";"Cu";2;"II";"Cu1(OH)2";"Cu(OH)_{2}";"Hidróxido Cúprico";"Hidŕoxido de Cobre (II)";"DiHidróxido de MonoCobre";"CuO + H_{2}O \rightarrow Cu(OH)_{2}";"29 - Cu - Cobre"
51;32;30;"Zinc";"Zn";2;"II";"Zn1(OH)2";"Zn(OH)_{2}";"Hidróxido de Zinc";"Hidŕoxido de Zinc (II)";"DiHidróxido de MonoZinc";"ZnO + H_{2}O \rightarrow Zn(OH)_{2}";"30 - Zn - Zinc"
52;33;31;"Galio";"Ga";3;"III";"Ga1(OH)3";"Ga(OH)_{3}";"Hidróxido de Galio";"Hidŕoxido de Galio (III)";"TriHidróxido de MonoGalio";"Ga_{2}O_{3} + 3H_{2}O \rightarrow 2Ga(OH)_{3}";"31 - Ga - Galio"
53;34;32;"Germanio";"Ge";4;"IV";"Ge1(OH)4";"Ge(OH)_{4}";"Hidróxido de Germanio";"Hidŕoxido de Germanio (IV)";"TetraHidróxido de MonoGermanio";"GeO_{2} + 2H_{2}O \rightarrow Ge(OH)_{4}";"32 - Ge - Germanio"
60;35;37;"Rubidio";"Rb";1;"I";"Rb1(OH)1";"Rb(OH)";"Hidróxido de Rubidio";"Hidŕoxido de Rubidio (I)";"MonHidróxido de MonoRubidio";"Rb_{2}O + H_{2}O \rightarrow 2Rb(OH)";"37 - Rb - Rubidio"
61;36;38;"Estroncio";"Sr";2;"II";"Sr1(OH)2";"Sr(OH)_{2}";"Hidróxido de Estroncio";"Hidŕoxido de Estroncio (II)";"DiHidróxido de MonoEstroncio";"SrO + H_{2}O \rightarrow Sr(OH)_{2}";"38 - Sr - Estroncio"
62;37;39;"Itrio";"Y";3;"III";"Y1(OH)3";"Y(OH)_{3}";"Hidróxido de Itrio";"Hidŕoxido de Itrio (III)";"TriHidróxido de MonoItrio";"Y_{2}O_{3} + 3H_{2}O \rightarrow 2Y(OH)_{3}";"39 - Y - Itrio"
63;38;40;"Circonio";"Zr";4;"IV";"Zr1(OH)4";"Zr(OH)_{4}";"Hidróxido de Circonio";"Hidŕoxido de Circonio (IV)";"TetraHidróxido de MonoCirconio";"ZrO_{2} + 2H_{2}O \rightarrow Zr(OH)_{4}";"40 - Zr - Circonio"
64;39;41;"Niobio";"Nb";3;"III";"Nb1(OH)3";"Nb(OH)_{3}";"Hidróxido Niobioso";"Hidŕoxido de Niobio (III)";"TriHidróxido de MonoNiobio";"Nb_{2}O_{3} + 3H_{2}O \rightarrow 2Nb(OH)_{3}";"41 - Nb - Niobio"
65;40;41;"Niobio";"Nb";5;"V";"Nb1(OH)5";"Nb(OH)_{5}";"Hidróxido Nióbico";"Hidŕoxido de Niobio (V)";"PentaHidróxido de MonoNiobio";"Nb_{2}O_{5} + 5H_{2}O \rightarrow 2Nb(OH)_{5}";"41 - Nb - Niobio"
66;41;42;"Molibdeno";"Mo";2;"II";"Mo1(OH)2";"Mo(OH)_{2}";"Hidróxido HipoMolibdenoso";"Hidŕoxido de Molibdeno (II)";"DiHidróxido de MonoMolibdeno";"MoO + H_{2}O \rightarrow Mo(OH)_{2}";"42 - Mo - Molibdeno"
67;42;42;"Molibdeno";"Mo";3;"III";"Mo1(OH)3";"Mo(OH)_{3}";"Hidróxido Molibdenoso";"Hidŕoxido de Molibdeno (III)";"TriHidróxido de MonoMolibdeno";"Mo_{2}O_{3} + 3H_{2}O \rightarrow 2Mo(OH)_{3}";"42 - Mo - Molibdeno"
68;43;42;"Molibdeno";"Mo";4;"IV";"Mo1(OH)4";"Mo(OH)_{4}";"Hidróxido Molibdénico";"Hidŕoxido de Molibdeno (IV)";"TetraHidróxido de MonoMolibdeno";"MoO_{2} + 2H_{2}O \rightarrow Mo(OH)_{4}";"42 - Mo - Molibdeno"
69;44;42;"Molibdeno";"Mo";5;"V";"Mo1(OH)5";"Mo(OH)_{5}";"Hidróxido PerMolibdénico";"Hidŕoxido de Molibdeno (V)";"PentaHidróxido de MonoMolibdeno";"Mo_{2}O_{5} + 5H_{2}O \rightarrow 2Mo(OH)_{5}";"42 - Mo - Molibdeno"
70;45;42;"Molibdeno";"Mo";6;"VI";"Mo1(OH)6";"Mo(OH)_{6}";"Hidróxido ???Molibdénico???";"Hidŕoxido de Molibdeno (VI)";"HexaHidróxido de MonoMolibdeno";"MoO_{3} + 3H_{2}O \rightarrow Mo(OH)_{6}";"42 - Mo - Molibdeno"
71;46;43;"Tecnecio";"Tc";7;"VII";"Tc1(OH)7";"Tc(OH)_{7}";"Hidróxido de Tecnecio";"Hidŕoxido de Tecnecio (VII)";"HeptaHidróxido de MonoTecnecio";"Tc_{2}O_{7} + 7H_{2}O \rightarrow 2Tc(OH)_{7}";"43 - Tc - Tecnecio"
72;47;44;"Rutenio";"Ru";2;"II";"Ru1(OH)2";"Ru(OH)_{2}";"Hidróxido HipoRutenioso";"Hidŕoxido de Rutenio (II)";"DiHidróxido de MonoRutenio";"RuO + H_{2}O \rightarrow Ru(OH)_{2}";"44 - Ru - Rutenio"
73;48;44;"Rutenio";"Ru";3;"III";"Ru1(OH)3";"Ru(OH)_{3}";"Hidróxido Rutenioso";"Hidŕoxido de Rutenio (III)";"TriHidróxido de MonoRutenio";"Ru_{2}O_{3} + 3H_{2}O \rightarrow 2Ru(OH)_{3}";"44 - Ru - Rutenio"
74;49;44;"Rutenio";"Ru";4;"IV";"Ru1(OH)4";"Ru(OH)_{4}";"Hidróxido Ruténico";"Hidŕoxido de Rutenio (IV)";"TetraHidróxido de MonoRutenio";"RuO_{2} + 2H_{2}O \rightarrow Ru(OH)_{4}";"44 - Ru - Rutenio"
75;50;44;"Rutenio";"Ru";6;"VI";"Ru1(OH)6";"Ru(OH)_{6}";"Hidróxido PerRuténico";"Hidŕoxido de Rutenio (VI)";"HexaHidróxido de MonoRutenio";"RuO_{3} + 3H_{2}O \rightarrow Ru(OH)_{6}";"44 - Ru - Rutenio"
76;51;44;"Rutenio";"Ru";8;"VIII";"Ru1(OH)8";"Ru(OH)_{8}";"Hidróxido ???Ruténico????";"Hidŕoxido de Rutenio (VIII)";"OctoHidróxido de MonoRutenio";"RuO_{4} + 4H_{2}O \rightarrow Ru(OH)_{8}";"44 - Ru - Rutenio"
77;52;45;"Rodio";"Rh";2;"II";"Rh1(OH)2";"Rh(OH)_{2}";"Hidróxido HipoRodioso";"Hidŕoxido de Rodio (II)";"DiHidróxido de MonoRodio";"RhO + H_{2}O \rightarrow Rh(OH)_{2}";"45 - Rh - Rodio"
78;53;45;"Rodio";"Rh";3;"III";"Rh1(OH)3";"Rh(OH)_{3}";"Hidróxido Rodioso";"Hidŕoxido de Rodio (III)";"TriHidróxido de MonoRodio";"Rh_{2}O_{3} + 3H_{2}O \rightarrow 2Rh(OH)_{3}";"45 - Rh - Rodio"
79;54;45;"Rodio";"Rh";4;"IV";"Rh1(OH)4";"Rh(OH)_{4}";"Hidróxido Ródico";"Hidŕoxido de Rodio (IV)";"TetraHidróxido de MonoRodio";"RhO_{2} + 2H_{2}O \rightarrow Rh(OH)_{4}";"45 - Rh - Rodio"
80;55;46;"Paladio";"Pd";2;"II";"Pd1(OH)2";"Pd(OH)_{2}";"Hidróxido Paladioso";"Hidŕoxido de Paladio (II)";"DiHidróxido de MonoPaladio";"PdO + H_{2}O \rightarrow Pd(OH)_{2}";"46 - Pd - Paladio"
81;56;46;"Paladio";"Pd";4;"IV";"Pd1(OH)4";"Pd(OH)_{4}";"Hidróxido Paládico";"Hidŕoxido de Paladio (IV)";"TetraHidróxido de MonoPaladio";"PdO_{2} + 2H_{2}O \rightarrow Pd(OH)_{4}";"46 - Pd - Paladio"
82;57;47;"Plata";"Ag";1;"I";"Ag1(OH)1";"Ag(OH)";"Hidróxido de Plata";"Hidŕoxido de Plata (I)";"MonHidróxido de MonoPlata";"Ag_{2}O + H_{2}O \rightarrow 2Ag(OH)";"47 - Ag - Plata"
83;58;48;"Cadmio";"Cd";2;"II";"Cd1(OH)2";"Cd(OH)_{2}";"Hidróxido de Cadmio";"Hidŕoxido de Cadmio (II)";"DiHidróxido de MonoCadmio";"CdO + H_{2}O \rightarrow Cd(OH)_{2}";"48 - Cd - Cadmio"
84;59;49;"Indio";"In";3;"III";"In1(OH)3";"In(OH)_{3}";"Hidróxido de Indio";"Hidŕoxido de Indio (III)";"TriHidróxido de MonoIndio";"In_{2}O_{3} + 3H_{2}O \rightarrow 2In(OH)_{3}";"49 - In - Indio"
85;60;50;"Estaño";"Sn";2;"II";"Sn1(OH)2";"Sn(OH)_{2}";"Hidróxido Estanoso";"Hidŕoxido de Estaño (II)";"DiHidróxido de MonoEstaño";"SnO + H_{2}O \rightarrow Sn(OH)_{2}";"50 - Sn - Estaño"
86;61;50;"Estaño";"Sn";4;"IV";"Sn1(OH)4";"Sn(OH)_{4}";"Hidróxido Estánico";"Hidŕoxido de Estaño (IV)";"TetraHidróxido de MonoEstaño";"SnO_{2} + 2H_{2}O \rightarrow Sn(OH)_{4}";"50 - Sn - Estaño"
87;62;51;"Antimonio";"Sb";3;"III";"Sb1(OH)3";"Sb(OH)_{3}";"Hidróxido Antimonioso";"Hidŕoxido de Antimonio (III)";"TriHidróxido de MonoAntimonio";"Sb_{2}O_{3} + 3H_{2}O \rightarrow 2Sb(OH)_{3}";"51 - Sb - Antimonio"
88;63;51;"Antimonio";"Sb";5;"V";"Sb1(OH)5";"Sb(OH)_{5}";"Hidróxido Antimónico";"Hidŕoxido de Antimonio (V)";"PentaHidróxido de MonoAntimonio";"Sb_{2}O_{5} + 5H_{2}O \rightarrow 2Sb(OH)_{5}";"51 - Sb - Antimonio"
89;64;52;"Telurio";"Te";2;"II";"Te1(OH)2";"Te(OH)_{2}";"Hidróxido HipoTelurioso";"Hidŕoxido de Telurio (II)";"DiHidróxido de MonoTelurio";"TeO + H_{2}O \rightarrow Te(OH)_{2}";"52 - Te - Telurio"
90;65;52;"Telurio";"Te";4;"IV";"Te1(OH)4";"Te(OH)_{4}";"Hidróxido Telurioso";"Hidŕoxido de Telurio (IV)";"TetraHidróxido de MonoTelurio";"TeO_{2} + 2H_{2}O \rightarrow Te(OH)_{4}";"52 - Te - Telurio"
91;66;52;"Telurio";"Te";6;"VI";"Te1(OH)6";"Te(OH)_{6}";"Hidróxido Telúrico";"Hidŕoxido de Telurio (VI)";"HexaHidróxido de MonoTelurio";"TeO_{3} + 3H_{2}O \rightarrow Te(OH)_{6}";"52 - Te - Telurio"
95;67;55;"Cesio";"Cs";1;"I";"Cs1(OH)1";"Cs(OH)";"Hidróxido de Cesio";"Hidŕoxido de Cesio (I)";"MonHidróxido de MonoCesio";"Cs_{2}O + H_{2}O \rightarrow 2Cs(OH)";"55 - Cs - Cesio"
96;68;56;"Bario";"Ba";2;"II";"Ba1(OH)2";"Ba(OH)_{2}";"Hidróxido de Bario";"Hidŕoxido de Bario (II)";"DiHidróxido de MonoBario";"BaO + H_{2}O \rightarrow Ba(OH)_{2}";"56 - Ba - Bario"
97;69;57;"Lantano";"La";3;"III";"La1(OH)3";"La(OH)_{3}";"Hidróxido de Lantano";"Hidŕoxido de Lantano (III)";"TriHidróxido de MonoLantano";"La_{2}O_{3} + 3H_{2}O \rightarrow 2La(OH)_{3}";"57 - La - Lantano"
98;70;58;"Cerio";"Ce";3;"III";"Ce1(OH)3";"Ce(OH)_{3}";"Hidróxido Cerioso";"Hidŕoxido de Cerio (III)";"TriHidróxido de MonoCerio";"Ce_{2}O_{3} + 3H_{2}O \rightarrow 2Ce(OH)_{3}";"58 - Ce - Cerio"
99;71;58;"Cerio";"Ce";4;"IV";"Ce1(OH)4";"Ce(OH)_{4}";"Hidróxido Cérico";"Hidŕoxido de Cerio (IV)";"TetraHidróxido de MonoCerio";"CeO_{2} + 2H_{2}O \rightarrow Ce(OH)_{4}";"58 - Ce - Cerio"
100;72;59;"Praseodimio";"Pr";3;"III";"Pr1(OH)3";"Pr(OH)_{3}";"Hidróxido Praseodimioso";"Hidŕoxido de Praseodimio (III)";"TriHidróxido de MonoPraseodimio";"Pr_{2}O_{3} + 3H_{2}O \rightarrow 2Pr(OH)_{3}";"59 - Pr - Praseodimio"
101;73;59;"Praseodimio";"Pr";4;"IV";"Pr1(OH)4";"Pr(OH)_{4}";"Hidróxido Praseodímico";"Hidŕoxido de Praseodimio (IV)";"TetraHidróxido de MonoPraseodimio";"PrO_{2} + 2H_{2}O \rightarrow Pr(OH)_{4}";"59 - Pr - Praseodimio"
102;74;60;"Neodimio";"Nd";3;"III";"Nd1(OH)3";"Nd(OH)_{3}";"Hidróxido de Neodimio";"Hidŕoxido de Neodimio (III)";"TriHidróxido de MonoNeodimio";"Nd_{2}O_{3} + 3H_{2}O \rightarrow 2Nd(OH)_{3}";"60 - Nd - Neodimio"
103;75;61;"Prometio";"Pm";3;"III";"Pm1(OH)3";"Pm(OH)_{3}";"Hidróxido de Prometio";"Hidŕoxido de Prometio (III)";"TriHidróxido de MonoPrometio";"Pm_{2}O_{3} + 3H_{2}O \rightarrow 2Pm(OH)_{3}";"61 - Pm - Prometio"
104;76;62;"Samario";"Sm";2;"II";"Sm1(OH)2";"Sm(OH)_{2}";"Hidróxido Samarioso";"Hidŕoxido de Samario (II)";"DiHidróxido de MonoSamario";"SmO + H_{2}O \rightarrow Sm(OH)_{2}";"62 - Sm - Samario"
105;77;62;"Samario";"Sm";3;"III";"Sm1(OH)3";"Sm(OH)_{3}";"Hidróxido Samárico";"Hidŕoxido de Samario (III)";"TriHidróxido de MonoSamario";"Sm_{2}O_{3} + 3H_{2}O \rightarrow 2Sm(OH)_{3}";"62 - Sm - Samario"
106;78;63;"Europio";"Eu";2;"II";"Eu1(OH)2";"Eu(OH)_{2}";"Hidróxido Europioso";"Hidŕoxido de Europio (II)";"DiHidróxido de MonoEuropio";"EuO + H_{2}O \rightarrow Eu(OH)_{2}";"63 - Eu - Europio"
107;79;63;"Europio";"Eu";3;"III";"Eu1(OH)3";"Eu(OH)_{3}";"Hidróxido Európico";"Hidŕoxido de Europio (III)";"TriHidróxido de MonoEuropio";"Eu_{2}O_{3} + 3H_{2}O \rightarrow 2Eu(OH)_{3}";"63 - Eu - Europio"
108;80;64;"Gadolinio";"Gd";3;"III";"Gd1(OH)3";"Gd(OH)_{3}";"Hidróxido de Gadolinio";"Hidŕoxido de Gadolinio (III)";"TriHidróxido de MonoGadolinio";"Gd_{2}O_{3} + 3H_{2}O \rightarrow 2Gd(OH)_{3}";"64 - Gd - Gadolinio"
109;81;65;"Terbio";"Tb";3;"III";"Tb1(OH)3";"Tb(OH)_{3}";"Hidróxido Terbioso";"Hidŕoxido de Terbio (III)";"TriHidróxido de MonoTerbio";"Tb_{2}O_{3} + 3H_{2}O \rightarrow 2Tb(OH)_{3}";"65 - Tb - Terbio"
110;82;65;"Terbio";"Tb";4;"IV";"Tb1(OH)4";"Tb(OH)_{4}";"Hidróxido Térbico";"Hidŕoxido de Terbio (IV)";"TetraHidróxido de MonoTerbio";"TbO_{2} + 2H_{2}O \rightarrow Tb(OH)_{4}";"65 - Tb - Terbio"
111;83;66;"Disprosio";"Dy";3;"III";"Dy1(OH)3";"Dy(OH)_{3}";"Hidróxido de Disprosio";"Hidŕoxido de Disprosio (III)";"TriHidróxido de MonoDisprosio";"Dy_{2}O_{3} + 3H_{2}O \rightarrow 2Dy(OH)_{3}";"66 - Dy - Disprosio"
112;84;67;"Holmio";"Ho";3;"III";"Ho1(OH)3";"Ho(OH)_{3}";"Hidróxido de Holmio";"Hidŕoxido de Holmio (III)";"TriHidróxido de MonoHolmio";"Ho_{2}O_{3} + 3H_{2}O \rightarrow 2Ho(OH)_{3}";"67 - Ho - Holmio"
113;85;68;"Erbio";"Er";3;"III";"Er1(OH)3";"Er(OH)_{3}";"Hidróxido de Erbio";"Hidŕoxido de Erbio (III)";"TriHidróxido de MonoErbio";"Er_{2}O_{3} + 3H_{2}O \rightarrow 2Er(OH)_{3}";"68 - Er - Erbio"
114;86;69;"Tulio";"Tm";2;"II";"Tm1(OH)2";"Tm(OH)_{2}";"Hidróxido Tulioso";"Hidŕoxido de Tulio (II)";"DiHidróxido de MonoTulio";"TmO + H_{2}O \rightarrow Tm(OH)_{2}";"69 - Tm - Tulio"
115;87;69;"Tulio";"Tm";3;"III";"Tm1(OH)3";"Tm(OH)_{3}";"Hidróxido Túlico";"Hidŕoxido de Tulio (III)";"TriHidróxido de MonoTulio";"Tm_{2}O_{3} + 3H_{2}O \rightarrow 2Tm(OH)_{3}";"69 - Tm - Tulio"
116;88;70;"Iterbio";"Yb";2;"II";"Yb1(OH)2";"Yb(OH)_{2}";"Hidróxido Iterbioso";"Hidŕoxido de Iterbio (II)";"DiHidróxido de MonoIterbio";"YbO + H_{2}O \rightarrow Yb(OH)_{2}";"70 - Yb - Iterbio"
117;89;70;"Iterbio";"Yb";3;"III";"Yb1(OH)3";"Yb(OH)_{3}";"Hidróxido Itérbico";"Hidŕoxido de Iterbio (III)";"TriHidróxido de MonoIterbio";"Yb_{2}O_{3} + 3H_{2}O \rightarrow 2Yb(OH)_{3}";"70 - Yb - Iterbio"
118;90;71;"Lutecio";"Lu";3;"III";"Lu1(OH)3";"Lu(OH)_{3}";"Hidróxido de Lutecio";"Hidŕoxido de Lutecio (III)";"TriHidróxido de MonoLutecio";"Lu_{2}O_{3} + 3H_{2}O \rightarrow 2Lu(OH)_{3}";"71 - Lu - Lutecio"
119;91;72;"Hafnio";"Hf";4;"IV";"Hf1(OH)4";"Hf(OH)_{4}";"Hidróxido de Hafnio";"Hidŕoxido de Hafnio (IV)";"TetraHidróxido de MonoHafnio";"HfO_{2} + 2H_{2}O \rightarrow Hf(OH)_{4}";"72 - Hf - Hafnio"
120;92;73;"Tantalio";"Ta";5;"V";"Ta1(OH)5";"Ta(OH)_{5}";"Hidróxido de Tantalio";"Hidŕoxido de Tantalio (V)";"PentaHidróxido de MonoTantalio";"Ta_{2}O_{5} + 5H_{2}O \rightarrow 2Ta(OH)_{5}";"73 - Ta - Tantalio"
121;93;74;"Tungsteno";"W";2;"II";"W1(OH)2";"W(OH)_{2}";"Hidróxido HipoTungstenoso";"Hidŕoxido de Tungsteno (II)";"DiHidróxido de MonoTungsteno";"WO + H_{2}O \rightarrow W(OH)_{2}";"74 - W - Tungsteno"
122;94;74;"Tungsteno";"W";3;"III";"W1(OH)3";"W(OH)_{3}";"Hidróxido Tungstenoso";"Hidŕoxido de Tungsteno (III)";"TriHidróxido de MonoTungsteno";"W_{2}O_{3} + 3H_{2}O \rightarrow 2W(OH)_{3}";"74 - W - Tungsteno"
123;95;74;"Tungsteno";"W";4;"IV";"W1(OH)4";"W(OH)_{4}";"Hidróxido Tungsténico";"Hidŕoxido de Tungsteno (IV)";"TetraHidróxido de MonoTungsteno";"WO_{2} + 2H_{2}O \rightarrow W(OH)_{4}";"74 - W - Tungsteno"
124;96;74;"Tungsteno";"W";5;"V";"W1(OH)5";"W(OH)_{5}";"Hidróxido PerTungsténico";"Hidŕoxido de Tungsteno (V)";"PentaHidróxido de MonoTungsteno";"W_{2}O_{5} + 5H_{2}O \rightarrow 2W(OH)_{5}";"74 - W - Tungsteno"
125;97;74;"Tungsteno";"W";6;"VI";"W1(OH)6";"W(OH)_{6}";"Hidróxido ???Tungsténico???";"Hidŕoxido de Tungsteno (VI)";"HexaHidróxido de MonoTungsteno";"WO_{3} + 3H_{2}O \rightarrow W(OH)_{6}";"74 - W - Tungsteno"
126;98;75;"Renio";"Re";1;"I";"Re1(OH)1";"Re(OH)";"Hidróxido HipoRenioso";"Hidŕoxido de Renio (I)";"MonHidróxido de MonoRenio";"Re_{2}O + H_{2}O \rightarrow 2Re(OH)";"75 - Re - Renio"
127;99;75;"Renio";"Re";2;"II";"Re1(OH)2";"Re(OH)_{2}";"Hidróxido Renioso";"Hidŕoxido de Renio (II)";"DiHidróxido de MonoRenio";"ReO + H_{2}O \rightarrow Re(OH)_{2}";"75 - Re - Renio"
128;100;75;"Renio";"Re";4;"IV";"Re1(OH)4";"Re(OH)_{4}";"Hidróxido Rénico";"Hidŕoxido de Renio (IV)";"TetraHidróxido de MonoRenio";"ReO_{2} + 2H_{2}O \rightarrow Re(OH)_{4}";"75 - Re - Renio"
129;101;75;"Renio";"Re";6;"VI";"Re1(OH)6";"Re(OH)_{6}";"Hidróxido PerRénico";"Hidŕoxido de Renio (VI)";"HexaHidróxido de MonoRenio";"ReO_{3} + 3H_{2}O \rightarrow Re(OH)_{6}";"75 - Re - Renio"
130;102;75;"Renio";"Re";7;"VII";"Re1(OH)7";"Re(OH)_{7}";"Hidróxido ???Rénico???";"Hidŕoxido de Renio (VII)";"HeptaHidróxido de MonoRenio";"Re_{2}O_{7} + 7H_{2}O \rightarrow 2Re(OH)_{7}";"75 - Re - Renio"
131;103;76;"Osmio";"Os";2;"II";"Os1(OH)2";"Os(OH)_{2}";"Hidróxido HipoOsmioso";"Hidŕoxido de Osmio (II)";"DiHidróxido de MonoOsmio";"OsO + H_{2}O \rightarrow Os(OH)_{2}";"76 - Os - Osmio"
132;104;76;"Osmio";"Os";3;"III";"Os1(OH)3";"Os(OH)_{3}";"Hidróxido Osmioso";"Hidŕoxido de Osmio (III)";"TriHidróxido de MonoOsmio";"Os_{2}O_{3} + 3H_{2}O \rightarrow 2Os(OH)_{3}";"76 - Os - Osmio"
133;105;76;"Osmio";"Os";4;"IV";"Os1(OH)4";"Os(OH)_{4}";"Hidróxido Ósmico";"Hidŕoxido de Osmio (IV)";"TetraHidróxido de MonoOsmio";"OsO_{2} + 2H_{2}O \rightarrow Os(OH)_{4}";"76 - Os - Osmio"
134;106;76;"Osmio";"Os";6;"VI";"Os1(OH)6";"Os(OH)_{6}";"Hidróxido PerÓsmico";"Hidŕoxido de Osmio (VI)";"HexaHidróxido de MonoOsmio";"OsO_{3} + 3H_{2}O \rightarrow Os(OH)_{6}";"76 - Os - Osmio"
135;107;76;"Osmio";"Os";8;"VIII";"Os1(OH)8";"Os(OH)_{8}";"Hidróxido SuperÓsmico???";"Hidŕoxido de Osmio (VIII)";"OctoHidróxido de MonoOsmio";"OsO_{4} + 4H_{2}O \rightarrow Os(OH)_{8}";"76 - Os - Osmio"
136;108;77;"Iridio";"Ir";2;"II";"Ir1(OH)2";"Ir(OH)_{2}";"Hidróxido HipoIridioso";"Hidŕoxido de Iridio (II)";"DiHidróxido de MonoIridio";"IrO + H_{2}O \rightarrow Ir(OH)_{2}";"77 - Ir - Iridio"
137;109;77;"Iridio";"Ir";3;"III";"Ir1(OH)3";"Ir(OH)_{3}";"Hidróxido Iridioso";"Hidŕoxido de Iridio (III)";"TriHidróxido de MonoIridio";"Ir_{2}O_{3} + 3H_{2}O \rightarrow 2Ir(OH)_{3}";"77 - Ir - Iridio"
138;110;77;"Iridio";"Ir";4;"IV";"Ir1(OH)4";"Ir(OH)_{4}";"Hidróxido Irídico";"Hidŕoxido de Iridio (IV)";"TetraHidróxido de MonoIridio";"IrO_{2} + 2H_{2}O \rightarrow Ir(OH)_{4}";"77 - Ir - Iridio"
139;111;77;"Iridio";"Ir";6;"VI";"Ir1(OH)6";"Ir(OH)_{6}";"Hidróxido PerIrídico";"Hidŕoxido de Iridio (VI)";"HexaHidróxido de MonoIridio";"IrO_{3} + 3H_{2}O \rightarrow Ir(OH)_{6}";"77 - Ir - Iridio"
140;112;78;"Platino";"Pt";2;"II";"Pt1(OH)2";"Pt(OH)_{2}";"Hidróxido Platinoso";"Hidŕoxido de Platino (II)";"DiHidróxido de MonoPlatino";"PtO + H_{2}O \rightarrow Pt(OH)_{2}";"78 - Pt - Platino"
141;113;78;"Platino";"Pt";4;"IV";"Pt1(OH)4";"Pt(OH)_{4}";"Hidróxido Platítico";"Hidŕoxido de Platino (IV)";"TetraHidróxido de MonoPlatino";"PtO_{2} + 2H_{2}O \rightarrow Pt(OH)_{4}";"78 - Pt - Platino"
142;114;79;"Oro";"Au";1;"I";"Au1(OH)1";"Au(OH)";"Hidróxido Auroso";"Hidŕoxido de Oro (I)";"MonHidróxido de MonoOro";"Au_{2}O + H_{2}O \rightarrow 2Au(OH)";"79 - Au - Oro"
143;115;79;"Oro";"Au";3;"III";"Au1(OH)3";"Au(OH)_{3}";"Hidróxido Áurico";"Hidŕoxido de Oro (III)";"TriHidróxido de MonoOro";"Au_{2}O_{3} + 3H_{2}O \rightarrow 2Au(OH)_{3}";"79 - Au - Oro"
144;116;80;"Mercurio";"Hg";1;"I";"Hg1(OH)1";"Hg(OH)";"Hidróxido Mercuroso";"Hidŕoxido de Mercurio (I)";"MonHidróxido de MonoMercurio";"Hg_{2}O + H_{2}O \rightarrow 2Hg(OH)";"80 - Hg - Mercurio"
145;117;80;"Mercurio";"Hg";2;"II";"Hg1(OH)2";"Hg(OH)_{2}";"Hidróxido Mercúrico";"Hidŕoxido de Mercurio (II)";"DiHidróxido de MonoMercurio";"HgO + H_{2}O \rightarrow Hg(OH)_{2}";"80 - Hg - Mercurio"
146;118;81;"Talio";"Tl";1;"I";"Tl1(OH)1";"Tl(OH)";"Hidróxido Taloso";"Hidŕoxido de Talio (I)";"MonHidróxido de MonoTalio";"Tl_{2}O + H_{2}O \rightarrow 2Tl(OH)";"81 - Tl - Talio"
147;119;81;"Talio";"Tl";3;"III";"Tl1(OH)3";"Tl(OH)_{3}";"Hidróxido Tálico";"Hidŕoxido de Talio (III)";"TriHidróxido de MonoTalio";"Tl_{2}O_{3} + 3H_{2}O \rightarrow 2Tl(OH)_{3}";"81 - Tl - Talio"
148;120;82;"Plomo";"Pb";2;"II";"Pb1(OH)2";"Pb(OH)_{2}";"Hidróxido Plumboso";"Hidŕoxido de Plomo (II)";"DiHidróxido de MonoPlomo";"PbO + H_{2}O \rightarrow Pb(OH)_{2}";"82 - Pb - Plomo"
149;121;82;"Plomo";"Pb";4;"IV";"Pb1(OH)4";"Pb(OH)_{4}";"Hidróxido Plúmbico";"Hidŕoxido de Plomo (IV)";"TetraHidróxido de MonoPlomo";"PbO_{2} + 2H_{2}O \rightarrow Pb(OH)_{4}";"82 - Pb - Plomo"
150;122;83;"Bismuto";"Bi";3;"III";"Bi1(OH)3";"Bi(OH)_{3}";"Hidróxido Bismutoso";"Hidŕoxido de Bismuto (III)";"TriHidróxido de MonoBismuto";"Bi_{2}O_{3} + 3H_{2}O \rightarrow 2Bi(OH)_{3}";"83 - Bi - Bismuto"
151;123;83;"Bismuto";"Bi";5;"V";"Bi1(OH)5";"Bi(OH)_{5}";"Hidróxido Bismútico";"Hidŕoxido de Bismuto (V)";"PentaHidróxido de MonoBismuto";"Bi_{2}O_{5} + 5H_{2}O \rightarrow 2Bi(OH)_{5}";"83 - Bi - Bismuto"
152;124;84;"Polonio";"Po";2;"II";"Po1(OH)2";"Po(OH)_{2}";"Hidróxido Polonioso";"Hidŕoxido de Polonio (II)";"DiHidróxido de MonoPolonio";"PoO + H_{2}O \rightarrow Po(OH)_{2}";"84 - Po - Polonio"
153;125;84;"Polonio";"Po";4;"IV";"Po1(OH)4";"Po(OH)_{4}";"Hidróxido Polónico";"Hidŕoxido de Polonio (IV)";"TetraHidróxido de MonoPolonio";"PoO_{2} + 2H_{2}O \rightarrow Po(OH)_{4}";"84 - Po - Polonio"
158;126;87;"Francio";"Fr";1;"I";"Fr1(OH)1";"Fr(OH)";"Hidróxido de Francio";"Hidŕoxido de Francio (I)";"MonHidróxido de MonoFrancio";"Fr_{2}O + H_{2}O \rightarrow 2Fr(OH)";"87 - Fr - Francio"
159;127;88;"Radio";"Ra";2;"II";"Ra1(OH)2";"Ra(OH)_{2}";"Hidróxido de Radio";"Hidŕoxido de Radio (II)";"DiHidróxido de MonoRadio";"RaO + H_{2}O \rightarrow Ra(OH)_{2}";"88 - Ra - Radio"
160;128;89;"Actinio";"Ac";3;"III";"Ac1(OH)3";"Ac(OH)_{3}";"Hidróxido de Actinio";"Hidŕoxido de Actinio (III)";"TriHidróxido de MonoActinio";"Ac_{2}O_{3} + 3H_{2}O \rightarrow 2Ac(OH)_{3}";"89 - Ac - Actinio"
161;129;90;"Torio";"Th";4;"IV";"Th1(OH)4";"Th(OH)_{4}";"Hidróxido de Torio";"Hidŕoxido de Torio (IV)";"TetraHidróxido de MonoTorio";"ThO_{2} + 2H_{2}O \rightarrow Th(OH)_{4}";"90 - Th - Torio"
162;130;91;"Protactinio";"Pa";4;"IV";"Pa1(OH)4";"Pa(OH)_{4}";"Hidróxido Protactinioso";"Hidŕoxido de Protactinio (IV)";"TetraHidróxido de MonoProtactinio";"PaO_{2} + 2H_{2}O \rightarrow Pa(OH)_{4}";"91 - Pa - Protactinio"
163;131;91;"Protactinio";"Pa";5;"V";"Pa1(OH)5";"Pa(OH)_{5}";"Hidróxido Protactínico";"Hidŕoxido de Protactinio (V)";"PentaHidróxido de MonoProtactinio";"Pa_{2}O_{5} + 5H_{2}O \rightarrow 2Pa(OH)_{5}";"91 - Pa - Protactinio"
164;132;92;"Uranio";"U";3;"III";"U1(OH)3";"U(OH)_{3}";"Hidróxido HipoUranoso";"Hidŕoxido de Uranio (III)";"TriHidróxido de MonoUranio";"U_{2}O_{3} + 3H_{2}O \rightarrow 2U(OH)_{3}";"92 - U - Uranio"
165;133;92;"Uranio";"U";4;"IV";"U1(OH)4";"U(OH)_{4}";"Hidróxido Uranoso";"Hidŕoxido de Uranio (IV)";"TetraHidróxido de MonoUranio";"UO_{2} + 2H_{2}O \rightarrow U(OH)_{4}";"92 - U - Uranio"
166;134;92;"Uranio";"U";5;"V";"U1(OH)5";"U(OH)_{5}";"Hidróxido Uránico";"Hidŕoxido de Uranio (V)";"PentaHidróxido de MonoUranio";"U_{2}O_{5} + 5H_{2}O \rightarrow 2U(OH)_{5}";"92 - U - Uranio"
167;135;92;"Uranio";"U";6;"VI";"U1(OH)6";"U(OH)_{6}";"Hidróxido PerUránico";"Hidŕoxido de Uranio (VI)";"HexaHidróxido de MonoUranio";"UO_{3} + 3H_{2}O \rightarrow U(OH)_{6}";"92 - U - Uranio"
168;136;93;"Neptunio";"Np";3;"III";"Np1(OH)3";"Np(OH)_{3}";"Hidróxido HipoNeptunioso";"Hidŕoxido de Neptunio (III)";"TriHidróxido de MonoNeptunio";"Np_{2}O_{3} + 3H_{2}O \rightarrow 2Np(OH)_{3}";"93 - Np - Neptunio"
169;137;93;"Neptunio";"Np";4;"IV";"Np1(OH)4";"Np(OH)_{4}";"Hidróxido Neptunioso";"Hidŕoxido de Neptunio (IV)";"TetraHidróxido de MonoNeptunio";"NpO_{2} + 2H_{2}O \rightarrow Np(OH)_{4}";"93 - Np - Neptunio"
170;138;93;"Neptunio";"Np";5;"V";"Np1(OH)5";"Np(OH)_{5}";"Hidróxido Neptúnico";"Hidŕoxido de Neptunio (V)";"PentaHidróxido de MonoNeptunio";"Np_{2}O_{5} + 5H_{2}O \rightarrow 2Np(OH)_{5}";"93 - Np - Neptunio"
171;139;93;"Neptunio";"Np";6;"VI";"Np1(OH)6";"Np(OH)_{6}";"Hidróxido PerNeptúnico";"Hidŕoxido de Neptunio (VI)";"HexaHidróxido de MonoNeptunio";"NpO_{3} + 3H_{2}O \rightarrow Np(OH)_{6}";"93 - Np - Neptunio"
172;140;94;"Plutonio";"Pu";3;"III";"Pu1(OH)3";"Pu(OH)_{3}";"Hidróxido HipoPlutonioso";"Hidŕoxido de Plutonio (III)";"TriHidróxido de MonoPlutonio";"Pu_{2}O_{3} + 3H_{2}O \rightarrow 2Pu(OH)_{3}";"94 - Pu - Plutonio"
173;141;94;"Plutonio";"Pu";4;"IV";"Pu1(OH)4";"Pu(OH)_{4}";"Hidróxido Plutonioso";"Hidŕoxido de Plutonio (IV)";"TetraHidróxido de MonoPlutonio";"PuO_{2} + 2H_{2}O \rightarrow Pu(OH)_{4}";"94 - Pu - Plutonio"
174;142;94;"Plutonio";"Pu";5;"V";"Pu1(OH)5";"Pu(OH)_{5}";"Hidróxido Plutónico";"Hidŕoxido de Plutonio (V)";"PentaHidróxido de MonoPlutonio";"Pu_{2}O_{5} + 5H_{2}O \rightarrow 2Pu(OH)_{5}";"94 - Pu - Plutonio"
175;143;94;"Plutonio";"Pu";6;"VI";"Pu1(OH)6";"Pu(OH)_{6}";"Hidróxido PerPlutónico";"Hidŕoxido de Plutonio (VI)";"HexaHidróxido de MonoPlutonio";"PuO_{3} + 3H_{2}O \rightarrow Pu(OH)_{6}";"94 - Pu - Plutonio"
176;144;95;"Americio";"Am";3;"III";"Am1(OH)3";"Am(OH)_{3}";"Hidróxido HipoAmericioso";"Hidŕoxido de Americio (III)";"TriHidróxido de MonoAmericio";"Am_{2}O_{3} + 3H_{2}O \rightarrow 2Am(OH)_{3}";"95 - Am - Americio"
177;145;95;"Americio";"Am";4;"IV";"Am1(OH)4";"Am(OH)_{4}";"Hidróxido Americioso";"Hidŕoxido de Americio (IV)";"TetraHidróxido de MonoAmericio";"AmO_{2} + 2H_{2}O \rightarrow Am(OH)_{4}";"95 - Am - Americio"
178;146;95;"Americio";"Am";5;"V";"Am1(OH)5";"Am(OH)_{5}";"Hidróxido Amerícico";"Hidŕoxido de Americio (V)";"PentaHidróxido de MonoAmericio";"Am_{2}O_{5} + 5H_{2}O \rightarrow 2Am(OH)_{5}";"95 - Am - Americio"
179;147;95;"Americio";"Am";6;"VI";"Am1(OH)6";"Am(OH)_{6}";"Hidróxido PerAmerícico";"Hidŕoxido de Americio (VI)";"HexaHidróxido de MonoAmericio";"AmO_{3} + 3H_{2}O \rightarrow Am(OH)_{6}";"95 - Am - Americio"
180;148;96;"Curio";"Cm";3;"III";"Cm1(OH)3";"Cm(OH)_{3}";"Hidróxido de Curio";"Hidŕoxido de Curio (III)";"TriHidróxido de MonoCurio";"Cm_{2}O_{3} + 3H_{2}O \rightarrow 2Cm(OH)_{3}";"96 - Cm - Curio"
181;149;97;"Berkelio";"Bk";3;"III";"Bk1(OH)3";"Bk(OH)_{3}";"Hidróxido Berkelioso";"Hidŕoxido de Berkelio (III)";"TriHidróxido de MonoBerkelio";"Bk_{2}O_{3} + 3H_{2}O \rightarrow 2Bk(OH)_{3}";"97 - Bk - Berkelio"
182;150;97;"Berkelio";"Bk";4;"IV";"Bk1(OH)4";"Bk(OH)_{4}";"Hidróxido Berkélico";"Hidŕoxido de Berkelio (IV)";"TetraHidróxido de MonoBerkelio";"BkO_{2} + 2H_{2}O \rightarrow Bk(OH)_{4}";"97 - Bk - Berkelio"
183;151;98;"Californio";"Cf";3;"III";"Cf1(OH)3";"Cf(OH)_{3}";"Hidróxido de Californio";"Hidŕoxido de Californio (III)";"TriHidróxido de MonoCalifornio";"Cf_{2}O_{3} + 3H_{2}O \rightarrow 2Cf(OH)_{3}";"98 - Cf - Californio"
184;152;99;"Einstenio";"Es";4;"IV";"Es1(OH)4";"Es(OH)_{4}";"Hidróxido de Einstenio";"Hidŕoxido de Einstenio (IV)";"TetraHidróxido de MonoEinstenio";"EsO_{2} + 2H_{2}O \rightarrow Es(OH)_{4}";"99 - Es - Einstenio"
185;153;100;"Fermio";"Fm";4;"IV";"Fm1(OH)4";"Fm(OH)_{4}";"Hidróxido de Fermio";"Hidŕoxido de Fermio (IV)";"TetraHidróxido de MonoFermio";"FmO_{2} + 2H_{2}O \rightarrow Fm(OH)_{4}";"100 - Fm - Fermio"
186;154;101;"Mendelevio";"Md";3;"III";"Md1(OH)3";"Md(OH)_{3}";"Hidróxido Mendelevioso";"Hidŕoxido de Mendelevio (III)";"TriHidróxido de MonoMendelevio";"Md_{2}O_{3} + 3H_{2}O \rightarrow 2Md(OH)_{3}";"101 - Md - Mendelevio"
187;155;101;"Mendelevio";"Md";4;"IV";"Md1(OH)4";"Md(OH)_{4}";"Hidróxido Mendelévico";"Hidŕoxido de Mendelevio (IV)";"TetraHidróxido de MonoMendelevio";"MdO_{2} + 2H_{2}O \rightarrow Md(OH)_{4}";"101 - Md - Mendelevio"
188;156;102;"Nobelio";"No";3;"III";"No1(OH)3";"No(OH)_{3}";"Hidróxido Nobelioso";"Hidŕoxido de Nobelio (III)";"TriHidróxido de MonoNobelio";"No_{2}O_{3} + 3H_{2}O \rightarrow 2No(OH)_{3}";"102 - No - Nobelio"
189;157;102;"Nobelio";"No";4;"IV";"No1(OH)4";"No(OH)_{4}";"Hidróxido Nobélico";"Hidŕoxido de Nobelio (IV)";"TetraHidróxido de MonoNobelio";"NoO_{2} + 2H_{2}O \rightarrow No(OH)_{4}";"102 - No - Nobelio"
190;158;103;"Laurencio";"Lr";3;"III";"Lr1(OH)3";"Lr(OH)_{3}";"Hidróxido Laurencioso";"Hidŕoxido de Laurencio (III)";"TriHidróxido de MonoLaurencio";"Lr_{2}O_{3} + 3H_{2}O \rightarrow 2Lr(OH)_{3}";"103 - Lr - Laurencio"
191;159;103;"Laurencio";"Lr";4;"IV";"Lr1(OH)4";"Lr(OH)_{4}";"Hidróxido Lauréncico";"Hidŕoxido de Laurencio (IV)";"TetraHidróxido de MonoLaurencio";"LrO_{2} + 2H_{2}O \rightarrow Lr(OH)_{4}";"103 - Lr - Laurencio"
192;160;104;"Rutherfordio";"Rf";4;"IV";"Rf1(OH)4";"Rf(OH)_{4}";"Hidróxido de Rutherfordio";"Hidŕoxido de Rutherfordio (IV)";"TetraHidróxido de MonoRutherfordio";"RfO_{2} + 2H_{2}O \rightarrow Rf(OH)_{4}";"104 - Rf - Rutherfordio"
193;161;105;"Dubnio";"Db";4;"IV";"Db1(OH)4";"Db(OH)_{4}";"Hidróxido de Dubnio";"Hidŕoxido de Dubnio (IV)";"TetraHidróxido de MonoDubnio";"DbO_{2} + 2H_{2}O \rightarrow Db(OH)_{4}";"105 - Db - Dubnio"
194;162;106;"Seaborgio";"Sg";4;"IV";"Sg1(OH)4";"Sg(OH)_{4}";"Hidróxido de Seaborgio";"Hidŕoxido de Seaborgio (IV)";"TetraHidróxido de MonoSeaborgio";"SgO_{2} + 2H_{2}O \rightarrow Sg(OH)_{4}";"106 - Sg - Seaborgio"
195;163;107;"Bohrio";"Bh";3;"III";"Bh1(OH)3";"Bh(OH)_{3}";"Hidróxido HipoBohrioso";"Hidŕoxido de Bohrio (III)";"TriHidróxido de MonoBohrio";"Bh_{2}O_{3} + 3H_{2}O \rightarrow 2Bh(OH)_{3}";"107 - Bh - Bohrio"
196;164;107;"Bohrio";"Bh";4;"IV";"Bh1(OH)4";"Bh(OH)_{4}";"Hidróxido Bohrioso";"Hidŕoxido de Bohrio (IV)";"TetraHidróxido de MonoBohrio";"BhO_{2} + 2H_{2}O \rightarrow Bh(OH)_{4}";"107 - Bh - Bohrio"
197;165;107;"Bohrio";"Bh";5;"V";"Bh1(OH)5";"Bh(OH)_{5}";"Hidróxido Bóhrico";"Hidŕoxido de Bohrio (V)";"PentaHidróxido de MonoBohrio";"Bh_{2}O_{5} + 5H_{2}O \rightarrow 2Bh(OH)_{5}";"107 - Bh - Bohrio"
198;166;108;"Hassio";"Hs";2;"II";"Hs1(OH)2";"Hs(OH)_{2}";"Hidróxido HipoHassioso";"Hidŕoxido de Hassio (II)";"DiHidróxido de MonoHassio";"HsO + H_{2}O \rightarrow Hs(OH)_{2}";"108 - Hs - Hassio"
199;167;108;"Hassio";"Hs";4;"IV";"Hs1(OH)4";"Hs(OH)_{4}";"Hidróxido Hassioso";"Hidŕoxido de Hassio (IV)";"TetraHidróxido de MonoHassio";"HsO_{2} + 2H_{2}O \rightarrow Hs(OH)_{4}";"108 - Hs - Hassio"
200;168;108;"Hassio";"Hs";6;"VI";"Hs1(OH)6";"Hs(OH)_{6}";"Hidróxido Hássico";"Hidŕoxido de Hassio (VI)";"HexaHidróxido de MonoHassio";"HsO_{3} + 3H_{2}O \rightarrow Hs(OH)_{6}";"108 - Hs - Hassio"
201;169;108;"Hassio";"Hs";7;"VII";"Hs1(OH)7";"Hs(OH)_{7}";"Hidróxido PerHássico";"Hidŕoxido de Hassio (VII)";"HeptaHidróxido de MonoHassio";"Hs_{2}O_{7} + 7H_{2}O \rightarrow 2Hs(OH)_{7}";"108 - Hs - Hassio"
202;170;109;"Meitnerius";"Mt";2;"II";"Mt1(OH)2";"Mt(OH)_{2}";"Hidróxido HipoMeintnerioso";"Hidŕoxido de Meitnerius (II)";"DiHidróxido de MonoMeitnerius";"MtO + H_{2}O \rightarrow Mt(OH)_{2}";"109 - Mt - Meitnerius"
203;171;109;"Meitnerius";"Mt";3;"III";"Mt1(OH)3";"Mt(OH)_{3}";"Hidróxido Meintnerioso";"Hidŕoxido de Meitnerius (III)";"TriHidróxido de MonoMeitnerius";"Mt_{2}O_{3} + 3H_{2}O \rightarrow 2Mt(OH)_{3}";"109 - Mt - Meitnerius"
204;172;109;"Meitnerius";"Mt";4;"IV";"Mt1(OH)4";"Mt(OH)_{4}";"Hidróxido Meintnérico";"Hidŕoxido de Meitnerius (IV)";"TetraHidróxido de MonoMeitnerius";"MtO_{2} + 2H_{2}O \rightarrow Mt(OH)_{4}";"109 - Mt - Meitnerius"
205;173;109;"Meitnerius";"Mt";6;"VI";"Mt1(OH)6";"Mt(OH)_{6}";"Hidróxido PerMeintnérico";"Hidŕoxido de Meitnerius (VI)";"HexaHidróxido de MonoMeitnerius";"MtO_{3} + 3H_{2}O \rightarrow Mt(OH)_{6}";"109 - Mt - Meitnerius"
206;174;110;"Darmstatio";"Ds";2;"II";"Ds1(OH)2";"Ds(OH)_{2}";"Hidróxido Darmstatioso";"Hidŕoxido de Darmstatio (II)";"DiHidróxido de MonoDarmstatio";"DsO + H_{2}O \rightarrow Ds(OH)_{2}";"110 - Ds - Darmstatio"
207;175;110;"Darmstatio";"Ds";4;"IV";"Ds1(OH)4";"Ds(OH)_{4}";"Hidróxido Darmstático";"Hidŕoxido de Darmstatio (IV)";"TetraHidróxido de MonoDarmstatio";"DsO_{2} + 2H_{2}O \rightarrow Ds(OH)_{4}";"110 - Ds - Darmstatio"
208;176;111;"Roentgenio";"Rg";2;"II";"Rg1(OH)2";"Rg(OH)_{2}";"Hidróxido Roentgenioso";"Hidŕoxido de Roentgenio (II)";"DiHidróxido de MonoRoentgenio";"RgO + H_{2}O \rightarrow Rg(OH)_{2}";"111 - Rg - Roentgenio"
209;177;111;"Roentgenio";"Rg";3;"III";"Rg1(OH)3";"Rg(OH)_{3}";"Hidróxido Roentgéncio";"Hidŕoxido de Roentgenio (III)";"TriHidróxido de MonoRoentgenio";"Rg_{2}O_{3} + 3H_{2}O \rightarrow 2Rg(OH)_{3}";"111 - Rg - Roentgenio"
210;178;112;"Copérnico";"Cn";1;"I";"Cn1(OH)1";"Cn(OH)";"Hidróxido Copernicoso";"Hidŕoxido de Copérnico (I)";"MonHidróxido de MonoCopérnico";"Cn_{2}O + H_{2}O \rightarrow 2Cn(OH)";"112 - Cn - Copérnico"
211;179;112;"Copérnico";"Cn";2;"II";"Cn1(OH)2";"Cn(OH)_{2}";"Hidróxido Copernícico";"Hidŕoxido de Copérnico (II)";"DiHidróxido de MonoCopérnico";"CnO + H_{2}O \rightarrow Cn(OH)_{2}";"112 - Cn - Copérnico"
212;180;113;"Nihonio";"Nh";3;"III";"Nh1(OH)3";"Nh(OH)_{3}";"Hidróxido de Nihonio";"Hidŕoxido de Nihonio (III)";"TriHidróxido de MonoNihonio";"Nh_{2}O_{3} + 3H_{2}O \rightarrow 2Nh(OH)_{3}";"113 - Nh - Nihonio"
213;181;114;"Flerovio";"Fl";2;"II";"Fl1(OH)2";"Fl(OH)_{2}";"Hidróxido HipoFlerovioso";"Hidŕoxido de Flerovio (II)";"DiHidróxido de MonoFlerovio";"FlO + H_{2}O \rightarrow Fl(OH)_{2}";"114 - Fl - Flerovio"
214;182;114;"Flerovio";"Fl";4;"IV";"Fl1(OH)4";"Fl(OH)_{4}";"Hidróxido Flerovioso";"Hidŕoxido de Flerovio (IV)";"TetraHidróxido de MonoFlerovio";"FlO_{2} + 2H_{2}O \rightarrow Fl(OH)_{4}";"114 - Fl - Flerovio"
215;183;114;"Flerovio";"Fl";5;"V";"Fl1(OH)5";"Fl(OH)_{5}";"Hidróxido Flerívico";"Hidŕoxido de Flerovio (V)";"PentaHidróxido de MonoFlerovio";"Fl_{2}O_{5} + 5H_{2}O \rightarrow 2Fl(OH)_{5}";"114 - Fl - Flerovio"
216;184;115;"Moscovio";"Mc";1;"I";"Mc1(OH)1";"Mc(OH)";"Hidróxido HipoMoscovioso";"Hidŕoxido de Moscovio (I)";"MonHidróxido de MonoMoscovio";"Mc_{2}O + H_{2}O \rightarrow 2Mc(OH)";"115 - Mc - Moscovio"
217;185;115;"Moscovio";"Mc";4;"IV";"Mc1(OH)4";"Mc(OH)_{4}";"Hidróxido Moscovioso";"Hidŕoxido de Moscovio (IV)";"TetraHidróxido de MonoMoscovio";"McO_{2} + 2H_{2}O \rightarrow Mc(OH)_{4}";"115 - Mc - Moscovio"
218;186;115;"Moscovio";"Mc";5;"V";"Mc1(OH)5";"Mc(OH)_{5}";"Hidróxido Moscóvico";"Hidŕoxido de Moscovio (V)";"PentaHidróxido de MonoMoscovio";"Mc_{2}O_{5} + 5H_{2}O \rightarrow 2Mc(OH)_{5}";"115 - Mc - Moscovio"
219;187;116;"Livermorio";"Lv";3;"III";"Lv1(OH)3";"Lv(OH)_{3}";"Hidróxido HipoLivermorioso";"Hidŕoxido de Livermorio (III)";"TriHidróxido de MonoLivermorio";"Lv_{2}O_{3} + 3H_{2}O \rightarrow 2Lv(OH)_{3}";"116 - Lv - Livermorio"
220;188;116;"Livermorio";"Lv";4;"IV";"Lv1(OH)4";"Lv(OH)_{4}";"Hidróxido Livermorioso";"Hidŕoxido de Livermorio (IV)";"TetraHidróxido de MonoLivermorio";"LvO_{2} + 2H_{2}O \rightarrow Lv(OH)_{4}";"116 - Lv - Livermorio"
221;189;116;"Livermorio";"Lv";5;"V";"Lv1(OH)5";"Lv(OH)_{5}";"Hidróxido Livérmico";"Hidŕoxido de Livermorio (V)";"PentaHidróxido de MonoLivermorio";"Lv_{2}O_{5} + 5H_{2}O \rightarrow 2Lv(OH)_{5}";"116 - Lv - Livermorio"
222;190;117;"Teneso";"Ts";1;"I";"Ts1(OH)1";"Ts(OH)";"Hidróxido HipoTenoso";"Hidŕoxido de Teneso (I)";"MonHidróxido de MonoTeneso";"Ts_{2}O + H_{2}O \rightarrow 2Ts(OH)";"117 - Ts - Teneso"
223;191;117;"Teneso";"Ts";2;"II";"Ts1(OH)2";"Ts(OH)_{2}";"Hidróxido Tenoso";"Hidŕoxido de Teneso (II)";"DiHidróxido de MonoTeneso";"TsO + H_{2}O \rightarrow Ts(OH)_{2}";"117 - Ts - Teneso"
224;192;117;"Teneso";"Ts";3;"III";"Ts1(OH)3";"Ts(OH)_{3}";"Hidróxido Tenésico";"Hidŕoxido de Teneso (III)";"TriHidróxido de MonoTeneso";"Ts_{2}O_{3} + 3H_{2}O \rightarrow 2Ts(OH)_{3}";"117 - Ts - Teneso"
225;193;118;"Oganesón";"Og";4;"IV";"Og1(OH)4";"Og(OH)_{4}";"Hidróxido Oganesoso";"Hidŕoxido de Oganesón (IV)";"TetraHidróxido de MonoOganesón";"OgO_{2} + 2H_{2}O \rightarrow Og(OH)_{4}";"118 - Og - Oganesón"
226;194;118;"Oganesón";"Og";7;"VII";"Og1(OH)7";"Og(OH)_{7}";"Hidróxido Oganésico";"Hidŕoxido de Oganesón (VII)";"HeptaHidróxido de MonoOganesón";"Og_{2}O_{7} + 7H_{2}O \rightarrow 2Og(OH)_{7}";"118 - Og - Oganesón"
